sparkasse,name,since,until,position,feste_bezuege,erfolgsabhaengige_bezuege,sonstige_bezuege,gesamtverguetung,anmerkungen,state,verband,year,gesamtverguetung_2013,bezuege_quote_zu_2013
Stadtsparkasse Freudenberg,Martin Lucke,2014-01-01,2014-12-31,Vorsitzende(r),203000.0,4000.0,5000.0,212000.0,,Nordrhein-Westfalen,SVWL,2014.0,210000.0,0.01904761904761905
Stadtsparkasse Blomberg/Lippe,Knut Winkelmann,2014-01-01,2014-09-30,Vorsitzende(r),148000.0,5000.0,9000.0,162000.0,,Nordrhein-Westfalen,SVWL,2014.0,199000.0,0.02512562814070352
Stadtsparkasse Freudenberg,Ulrich Kaßburg,2014-01-01,2014-12-31,Mitglied,177000.0,4000.0,5000.0,186000.0,,Nordrhein-Westfalen,SVWL,2014.0,158000.0,0.02531645569620253
Sparkasse Waldeck-Frankenberg,Heinz-Robert Behle,2014-01-01,2014-12-31,Mitglied,212000.0,10000.0,0.0,222000.0,,Hessen,SGVHT,2014.0,344000.0,0.02906976744186046
Sparkasse Ennepetal-Breckerfeld,Uwe Volkmer,2014-01-01,2014-12-31,Mitglied,160600.0,1900.0,5100.0,167600.0,,Nordrhein-Westfalen,SVWL,2014.0,64700.0,0.029366306027820713
Sparkasse Ennepetal-Breckerfeld,Bodo Bongen,2014-01-01,2014-12-31,Vorsitzende(r),220800.0,6400.0,9400.0,236600.0,,Nordrhein-Westfalen,SVWL,2014.0,217500.0,0.029425287356321838
Sparkasse der Homburgischen Gemeinden,Hartmut Schmidt,2014-01-01,2014-12-31,Mitglied,239700.0,15300.0,14100.0,269100.0,,Nordrhein-Westfalen,RSGV,2014.0,512000.0,0.0298828125
Sparkasse Erwitte-Anröchte,Frank T. Weber,2014-01-01,2014-12-31,Mitglied,182000.0,6000.0,10000.0,198000.0,,Nordrhein-Westfalen,SVWL,2014.0,197000.0,0.030456852791878174
Sparkasse Erwitte-Anröchte,Helmut Franzke,2014-01-01,2014-12-31,Vorsitzende(r),206000.0,7000.0,7000.0,220000.0,,Nordrhein-Westfalen,SVWL,2014.0,219000.0,0.0319634703196347
Stadtsparkasse Porta Westfalica,Peter Homeier,2014-01-01,2014-12-31,Mitglied,174000.0,6000.0,7000.0,187000.0,,Nordrhein-Westfalen,SVWL,2014.0,172300.0,0.034822983168891465
Stadtsparkasse Blomberg/Lippe,Wolfgang Siesenop,2014-01-01,2014-12-31,Mitglied,136000.0,5000.0,13000.0,154000.0,,Nordrhein-Westfalen,SVWL,2014.0,143000.0,0.03496503496503497
Stadtsparkasse Porta Westfalica,Stefan Dwilies,2014-01-01,2014-12-31,Vorsitzende(r),199000.0,7000.0,6000.0,212000.0,,Nordrhein-Westfalen,SVWL,2014.0,194600.0,0.03597122302158273
Stadtsparkasse Schmallenberg,Peter Vogt,2014-01-01,2014-12-31,Vorsitzende(r),167000.0,7000.0,10000.0,184000.0,,Nordrhein-Westfalen,SVWL,2014.0,182000.0,0.038461538461538464
Sparkasse Rietberg,Frank Ehlebracht,2014-01-01,2014-12-31,Mitglied,193000.0,8000.0,11000.0,212000.0,,Nordrhein-Westfalen,SVWL,2014.0,205000.0,0.03902439024390244
Sparkasse Waldeck-Frankenberg,Michael Bott,2014-01-01,2014-12-31,Vorsitzende(r),266000.0,12000.0,0.0,278000.0,,Hessen,SGVHT,2014.0,303000.0,0.0396039603960396
Sparkasse Rietberg,Heinz Hüning,2014-01-01,2014-12-31,Vorsitzende(r),202000.0,9000.0,8000.0,219000.0,,Nordrhein-Westfalen,SVWL,2014.0,214000.0,0.04205607476635514
Sparkasse Radevormwald-Hückeswagen,Michael Beekes,2014-01-01,2014-12-31,Mitglied,240400.0,10000.0,0.0,250400.0,Sonstige Bezüge in erfolgsunabhängigen Bezügen enthalten,Nordrhein-Westfalen,RSGV,2014.0,233800.0,0.0427715996578272
Stadtsparkasse Gevelsberg,Micheal Hedtkamp,2014-01-01,2014-12-31,Mitglied,238800.0,30400.0,13800.0,283000.0,,Nordrhein-Westfalen,SVWL,2014.0,583600.0,0.0520904729266621
Stadtsparkasse Düsseldorf,Arndt M. Hallmann,2014-01-01,2014-12-31,Vorsitzende(r),580888.0,38267.0,20092.0,639247.0,Bekommt noch eine Extra-Vergütung für Aufsichtsratmandat in Höhe von 46790,Nordrhein-Westfalen,RSGV,2014.0,699687.36,0.05469156967477589
Sparkasse der Homburgischen Gemeinden,Manfred Bösinghaus,2014-01-01,2014-12-31,Vorsitzende(r),263700.0,16800.0,10700.0,291200.0,,Nordrhein-Westfalen,RSGV,2014.0,297700.0,0.0564326503191132
Sparkasse Gronau,Wilfried Hammans,2014-01-01,2014-12-31,Vorsitzende(r),226000.0,14000.0,9000.0,249000.0,,Nordrhein-Westfalen,SVWL,2014.0,239000.0,0.058577405857740586
Sparkasse Vest Recklinghausen,Dr. Peter Lucke,2014-01-01,2014-12-31,Mitglied,385000.0,25000.0,24000.0,434000.0,,Nordrhein-Westfalen,SVWL,2014.0,422000.0,0.059241706161137435
Sparkasse Vest Recklinghausen,Dr. Michael Schulte,2014-01-01,2014-12-31,Vorsitzende(r),424000.0,27000.0,11000.0,462000.0,,Nordrhein-Westfalen,SVWL,2014.0,449000.0,0.06013363028953229
Sparkasse Gronau,Wilhelm Nassmacher,2014-01-01,2014-12-31,Mitglied,205000.0,13000.0,7000.0,225000.0,,Nordrhein-Westfalen,SVWL,2014.0,216000.0,0.060185185185185175
Sparkasse Vest Recklinghausen,Willi Keeren,2014-01-01,2014-04-30,Mitglied,134000.0,26000.0,3000.0,163000.0,,Nordrhein-Westfalen,SVWL,2014.0,428000.0,0.060747663551401876
Sparkasse Vest Recklinghausen,Martin Krause,2014-01-01,2014-08-30,Mitglied,255000.0,25000.0,6000.0,286000.0,,Nordrhein-Westfalen,SVWL,2014.0,411000.0,0.060827250608272515
Sparkasse der Stadt Iserlohn,Manfred Schäfer,2014-01-01,2014-12-31,Mitglied,299000.0,19000.0,11000.0,329000.0,,Nordrhein-Westfalen,SVWL,2014.0,312000.0,0.0608974358974359
Sparkasse der Stadt Iserlohn,Christoph Krämer,2014-01-01,2014-12-31,Vorsitzende(r),313000.0,20000.0,9000.0,342000.0,,Nordrhein-Westfalen,SVWL,2014.0,324000.0,0.061728395061728385
Sparkasse Düren,Uwe Willner,2014-01-01,2014-12-31,Vorsitzende(r),354200.0,20700.0,14000.0,388900.0,,Nordrhein-Westfalen,RSGV,2014.0,329300.0,0.06286061342241117
Sparkasse Düren,Udo Zimmermann,2014-01-01,2014-12-31,Mitglied,338100.0,19700.0,10400.0,368200.0,,Nordrhein-Westfalen,RSGV,2014.0,313000.0,0.06293929712460064
Stadtsparkasse Haltern am See,Helmut Kanter,2014-01-01,2014-12-31,Vorsitzende(r),156000.0,11000.0,8000.0,175000.0,,Nordrhein-Westfalen,SVWL,2014.0,173000.0,0.06358381502890173
Sparkasse Siegen,Harald Peter,2014-01-01,2014-12-31,Mitglied,388000.0,28000.0,12000.0,428000.0,,Nordrhein-Westfalen,SVWL,2014.0,430000.0,0.06511627906976744
Sparkasse Düren,Dr. Gregor Broschinski,2014-01-01,2014-12-31,Mitglied,322000.0,5300.0,8600.0,335900.0,,Nordrhein-Westfalen,RSGV,2014.0,80500.0,0.06583850931677017
Sparkasse Siegen,Günter Zimmermann,2014-01-01,2014-12-31,Mitglied,345000.0,25000.0,4000.0,374000.0,,Nordrhein-Westfalen,SVWL,2014.0,379000.0,0.06596306068601583
Sparkasse Siegen,Wilfried Groos,2014-01-01,2014-12-31,Vorsitzende(r),431000.0,31000.0,3000.0,465000.0,,Nordrhein-Westfalen,SVWL,2014.0,467000.0,0.06638115631691649
Stadtsparkasse Delbrück,Olaf Kiefer,2014-01-01,2014-12-31,Mitglied,194000.0,14000.0,7000.0,215000.0,,Nordrhein-Westfalen,SVWL,2014.0,202000.0,0.06930693069306931
Stadtsparkasse Bad Honnef,Mathias Alfs,2014-01-01,2014-12-31,Mitglied,195400.0,14600.0,7200.0,217200.0,,Nordrhein-Westfalen,RSGV,2014.0,209800.0,0.06959008579599618
Stadtsparkasse Delbrück,Werner Pasel,2014-01-01,2014-12-31,Vorsitzende(r),214000.0,16000.0,8000.0,238000.0,,Nordrhein-Westfalen,SVWL,2014.0,229000.0,0.06986899563318777
Stadtsparkasse Borken,Christoph Ernst,2014-01-01,2014-12-01,Vorsitzende(r),141000.0,10000.0,0.0,151000.0,,Hessen,SGVHT,2014.0,141000.0,0.07092198581560284
Stadtsparkasse Bad Oeynhausen,Rainer Janke,2014-01-01,2014-12-31,Vorsitzende(r),268000.0,20000.0,9000.0,297000.0,,Nordrhein-Westfalen,SVWL,2014.0,281000.0,0.0711743772241993
Sparkasse am Niederrhein,Giovanni Malaponti,2014-01-01,2014-12-31,Vorsitzende(r),322400.0,24200.0,10400.0,357000.0,,Nordrhein-Westfalen,RSGV,2014.0,328800.0,0.07360097323600973
Stadtsparkasse Remscheid,Frank Dehnke,2014-01-01,2014-12-31,Vorsitzende(r),264500.0,22100.0,17200.0,303800.0,,Nordrhein-Westfalen,RSGV,2014.0,290900.0,0.07597112409762805
Sparkasse Hagen,Frank Walter,2014-01-01,2014-12-31,Vorsitzende(r),340000.0,35000.0,15000.0,390000.0,,Nordrhein-Westfalen,SVWL,2014.0,458000.0,0.07641921397379912
Stadtsparkasse Düsseldorf,Dr. Martin van Gemmeren,2014-01-01,2014-12-31,Mitglied,400000.0,40000.0,0.0,440000.0,,Nordrhein-Westfalen,RSGV,2014.0,520000.0,0.07692307692307693
Stadtsparkasse Bad Oeynhausen,Hans-Jürgen Nolting,2014-01-01,2014-12-31,Mitglied,244000.0,20000.0,10000.0,274000.0,,Nordrhein-Westfalen,SVWL,2014.0,259000.0,0.07722007722007722
Stadtsparkasse Bocholt,Joachim Schüling,2014-01-01,2014-12-31,Mitglied,236000.0,20000.0,9000.0,265000.0,,Nordrhein-Westfalen,SVWL,2014.0,256000.0,0.078125
Stadtsparkasse Bocholt,Karl-Heinz Bollmann,2014-01-01,2014-12-31,Vorsitzende(r),260000.0,22000.0,9000.0,291000.0,,Nordrhein-Westfalen,SVWL,2014.0,280000.0,0.07857142857142857
Sparkasse Westmünsterland,Heinrich-Georg Krumme,2014-01-01,2014-12-31,Vorsitzende(r),472300.0,40100.0,12700.0,525100.0,,Nordrhein-Westfalen,SVWL,2014.0,510000.0,0.07862745098039216
Sparkasse Lemgo,Klaus Drücker,2014-01-01,2014-12-31,Mitglied,317000.0,27000.0,11000.0,355000.0,,Nordrhein-Westfalen,SVWL,2014.0,343000.0,0.07871720116618076
Sparkasse Westmünsterland,Karlheinz Lipp,2014-01-01,2014-12-31,Mitglied,377900.0,32100.0,11700.0,421700.0,,Nordrhein-Westfalen,SVWL,2014.0,407700.0,0.07873436350257543
Sparkasse Westmünsterland,Jürgen Büngeler,2014-01-01,2014-12-31,Mitglied,377900.0,32100.0,11000.0,421000.0,,Nordrhein-Westfalen,SVWL,2014.0,406200.0,0.07902511078286559
Sparkasse Grünberg,Ulrich Zinn,2014-01-01,2014-12-31,Vorsitzende(r),208000.0,18000.0,0.0,226000.0,,Hessen,SGVHT,2014.0,220000.0,0.08181818181818183
Sparkasse Radevormwald-Hückeswagen,Michael Kühl,2014-01-01,2014-12-31,Vorsitzende(r),261400.0,22100.0,0.0,283500.0,Sonstige Bezüge in erfolgsnuabhängigen Bezügen enthalten,Nordrhein-Westfalen,RSGV,2014.0,268200.0,0.08240119313944817
Sparkasse Hochsauerland,Peter Wagner,2014-01-01,2014-12-31,Vorsitzende(r),286000.0,24000.0,8000.0,318000.0,,Nordrhein-Westfalen,SVWL,2014.0,290000.0,0.08275862068965517
Sparkasse Grünberg,Silvia Linker,2014-01-01,2014-12-31,Mitglied,172000.0,15000.0,0.0,187000.0,,Hessen,SGVHT,2014.0,181000.0,0.08287292817679558
Sparkasse Hamm,Rudolf Eisermann,2014-01-01,2014-12-31,Mitglied,284000.0,27000.0,13000.0,324000.0,,Nordrhein-Westfalen,SVWL,2014.0,317000.0,0.08517350157728706
Sparkasse Hamm,Bernd Honermeyer,2014-01-01,2014-12-31,Vorsitzende(r),298000.0,28000.0,11000.0,337000.0,,Nordrhein-Westfalen,SVWL,2014.0,327000.0,0.0856269113149847
Sparkasse Hochsauerland,Ulrich Dolle,2014-01-01,2014-12-31,Mitglied,253000.0,23000.0,12000.0,288000.0,,Nordrhein-Westfalen,SVWL,2014.0,268000.0,0.08582089552238806
Sparkasse Hamm,Torsten Cremer,2014-01-01,2014-12-31,Mitglied,270000.0,26000.0,13000.0,309000.0,,Nordrhein-Westfalen,SVWL,2014.0,301000.0,0.08637873754152824
Stadtsparkasse Lengerich,Max Mews,2014-01-01,2014-12-31,Mitglied,206000.0,20000.0,8000.0,234000.0,,Nordrhein-Westfalen,SVWL,2014.0,228000.0,0.08771929824561403
Stadtsparkasse Lengerich,Achim Glörfeld,2014-01-01,2014-12-31,Vorsitzende(r),226000.0,22000.0,11000.0,259000.0,,Nordrhein-Westfalen,SVWL,2014.0,248000.0,0.08870967741935484
Sparkasse Höxter,Achim Frohss,2014-01-01,2014-12-31,Mitglied,262000.0,26000.0,14000.0,302000.0,,Nordrhein-Westfalen,SVWL,2014.0,292000.0,0.08904109589041095
Sparkasse Höxter,Jens Härtel,2014-01-01,2014-12-31,Vorsitzende(r),295000.0,29000.0,11000.0,335000.0,,Nordrhein-Westfalen,SVWL,2014.0,325000.0,0.08923076923076922
Stadtsparkasse Sprockhövel,Christoph Terkuhlen,2014-01-01,2014-12-31,Vorsitzende(r),246000.0,25000.0,27000.0,298000.0,,Nordrhein-Westfalen,SVWL,2014.0,276000.0,0.09057971014492754
Kreissparkasse Köln,Christian Bonnen,2014-01-01,2014-12-31,Mitglied,499300.0,50000.0,27900.0,577200.0,,Nordrhein-Westfalen,RSGV,2014.0,546000.0,0.09157509157509157
Stadtsparkasse Versmold,Matthias Hauke,2014-01-01,2014-12-31,Mitglied,154000.0,16000.0,9000.0,179000.0,,Nordrhein-Westfalen,SVWL,2014.0,174000.0,0.09195402298850576
Kreissparkasse Köln,Alexander Wüerst,2014-01-01,2014-12-31,Vorsitzende(r),758000.0,74000.0,35900.0,867900.0,,Nordrhein-Westfalen,RSGV,2014.0,804500.0,0.09198259788688626
Stadtsparkasse Sprockhövel,Daniel Rasche,2014-01-01,2014-12-31,Mitglied,209000.0,21000.0,15000.0,245000.0,,Nordrhein-Westfalen,SVWL,2014.0,228000.0,0.09210526315789473
Stadtsparkasse Versmold,Gerold Momann,2014-01-01,2014-12-31,Vorsitzende(r),192000.0,20000.0,9000.0,221000.0,,Nordrhein-Westfalen,SVWL,2014.0,215000.0,0.09302325581395347
Sparkasse Battenberg,Reinhold Clemens,2014-01-01,2014-12-31,Mitglied,98000.0,10000.0,0.0,108000.0,,Hessen,SGVHT,2014.0,107000.0,0.09345794392523364
Kreissparkasse Köln,Dr. Klaus Tiedeken,2014-01-01,2014-12-31,Mitglied,574400.0,57000.0,19200.0,650600.0,,Nordrhein-Westfalen,RSGV,2014.0,608900.0,0.09361143044834948
Kreissparkasse Köln,Wolfgang Schmitz,2014-01-01,2014-12-31,Mitglied,608100.0,60000.0,16800.0,684900.0,,Nordrhein-Westfalen,RSGV,2014.0,638100.0,0.09402914903620124
Kreissparkasse Köln,Josef Hastrich,2014-01-01,2014-12-31,Mitglied,659800.0,65000.0,16000.0,740800.0,,Nordrhein-Westfalen,RSGV,2014.0,690600.0,0.09412105415580654
Sparkasse Paderborn-Detmold,Andreas Trotz,2014-01-01,2014-12-31,Mitglied,319000.0,32000.0,12000.0,363000.0,,Nordrhein-Westfalen,SVWL,2014.0,338300.0,0.09459060005911912
Sparkasse Paderborn-Detmold,Hubert Böddeker,2014-01-01,2014-12-31,Mitglied,398000.0,41000.0,15000.0,454000.0,,Nordrhein-Westfalen,SVWL,2014.0,430000.0,0.09534883720930233
Sparkasse Paderborn-Detmold,Hans Laven,2014-01-01,2014-12-31,Vorsitzende(r),438000.0,45000.0,15000.0,498000.0,,Nordrhein-Westfalen,SVWL,2014.0,471300.0,0.09548058561425844
Sparkasse Paderborn-Detmold,Arnd Paas,2014-01-01,2014-12-31,Mitglied,398000.0,41000.0,11000.0,450000.0,,Nordrhein-Westfalen,SVWL,2014.0,426400.0,0.09615384615384616
Sparkasse Mülheim an der Ruhr,Martin Weck,2014-01-01,2014-12-31,Vorsitzende(r),345251.0,34800.0,10900.0,391073.0,,Nordrhein-Westfalen,RSGV,2014.0,361360.0,0.096302855877795
Sparkasse Mülheim an der Ruhr,Helge Kipping,2014-01-01,2014-03-31,Mitglied,76552.0,29181.0,4201.0,109935.0,,Nordrhein-Westfalen,RSGV,2014.0,302770.0,0.09638009049773756
Sparkasse Hagen,Rainer Kurth,2014-01-01,2014-12-31,Mitglied,309000.0,32000.0,12000.0,353000.0,,Nordrhein-Westfalen,SVWL,2014.0,332000.0,0.0963855421686747
Städtische Sparkasse zu Schwelm,Lothar Feldmann,2014-01-01,2014-12-31,Vorsitzende(r),268000.0,27000.0,0.0,295000.0,,Nordrhein-Westfalen,SVWL,2014.0,279000.0,0.0967741935483871
Sparkasse Hagen,Klaus Oberliesen,2014-01-01,2014-12-31,Mitglied,309000.0,32000.0,10000.0,351000.0,,Nordrhein-Westfalen,SVWL,2014.0,330000.0,0.09696969696969696
Sparkasse Essen,Friedrich Kaschub,2014-01-01,2014-12-31,Mitglied,363600.0,37600.0,0.0,401200.0,,Nordrhein-Westfalen,RSGV,2014.0,382400.0,0.098326359832636
Sparkasse Essen,Stefan Lukai,2014-01-01,2014-12-31,Mitglied,489800.0,50100.0,0.0,539900.0,,Nordrhein-Westfalen,RSGV,2014.0,507700.0,0.0986803230254087
Sparkasse Essen,Hans Martz,2014-01-01,2014-12-31,Vorsitzende(r),543100.0,57600.0,0.0,600700.0,,Nordrhein-Westfalen,RSGV,2014.0,582000.0,0.09896907216494844
Sparkasse Attendorn-Lennestadt-Kirchhundem,Bernd Schablowski,2014-01-01,2014-12-31,Mitglied,234500.0,24100.0,11000.0,269600.0,,Nordrhein-Westfalen,SVWL,2014.0,242400.0,0.09942244224422442
Sparkasse Attendorn-Lennestadt-Kirchhundem,Heinz-Jörg Reichmann,2014-01-01,2014-12-31,Vorsitzende(r),258100.0,26600.0,13900.0,298600.0,,Nordrhein-Westfalen,SVWL,2014.0,267500.0,0.0994392523364486
Sparkasse Essen,Volker Behr,2014-01-01,2014-12-31,Mitglied,493100.0,52000.0,0.0,545100.0,,Nordrhein-Westfalen,RSGV,2014.0,521000.0,0.09980806142034547
Sparkasse Odenwaldkreis,Uwe Klauer,2014-01-01,2014-12-31,Mitglied,209000.0,23000.0,0.0,232000.0,,Hessen,SGVHT,2014.0,230000.0,0.1
Sparkasse Oberhessen,Thomas Falk,2014-01-01,2014-12-31,Mitglied,301000.0,34000.0,0.0,335000.0,,Hessen,SGVHT,2014.0,337000.0,0.10089020771513353
Sparkasse Lüdenscheid,Klaus Erger,2014-01-01,2014-12-31,Vorsitzende(r),281000.0,31400.0,9900.0,322300.0,,Nordrhein-Westfalen,SVWL,2014.0,310300.0,0.10119239445697713
Stadtsparkasse Wetter,Markus Francke,2014-01-01,2014-12-31,Vorsitzende(r),246000.0,27000.0,6000.0,279000.0,,Nordrhein-Westfalen,SVWL,2014.0,265000.0,0.1018867924528302
Sparkasse Odenwaldkreis,Karheinz Ihrig,2014-01-01,2014-12-31,Vorsitzende(r),243000.0,28000.0,0.0,271000.0,,Hessen,SGVHT,2014.0,269000.0,0.10408921933085502
Sparkasse Oberhessen,Günter Sedlak,2014-01-01,2014-12-31,Vorsitzende(r),381000.0,45000.0,0.0,426000.0,,Hessen,SGVHT,2014.0,429000.0,0.1048951048951049
Sparkasse Werra-Meißner,Wolfgang Wilke,2014-01-01,2014-12-31,Mitglied,233000.0,27000.0,0.0,260000.0,,Hessen,SGVHT,2014.0,257000.0,0.10505836575875488
Stadtsparkasse Wetter,Christian Becke,2014-01-01,2014-12-31,Mitglied,235000.0,27000.0,6000.0,268000.0,,Nordrhein-Westfalen,SVWL,2014.0,255000.0,0.10588235294117647
Sparkasse Beckum-Wadersloh,Jürgen Wenning,2014-01-01,2014-12-31,Mitglied,262000.0,30000.0,6000.0,298000.0,,Nordrhein-Westfalen,SVWL,2014.0,283000.0,0.1060070671378092
Sparkasse Beckum-Wadersloh,Dieter Müller,2014-01-01,2014-12-31,Vorsitzende(r),289000.0,33000.0,6000.0,328000.0,,Nordrhein-Westfalen,SVWL,2014.0,311000.0,0.10610932475884244
Kreissparkasse Schlüchtern,Jürgen Zich,2014-01-01,2014-12-31,Mitglied,185000.0,21000.0,0.0,206000.0,,Hessen,SGVHT,2014.0,196000.0,0.10714285714285714
Sparkasse Battenberg,Gert Gläser,2014-01-01,2014-12-31,Vorsitzende(r),117000.0,14000.0,0.0,131000.0,,Hessen,SGVHT,2014.0,130000.0,0.1076923076923077
Sparkasse Oberhessen,Reinhold Wintermeyer,2014-01-01,2014-12-31,Mitglied,308000.0,37000.0,0.0,345000.0,,Hessen,SGVHT,2014.0,343000.0,0.10787172011661808
Stadtsparkasse Felsberg,Ingo Lange,2014-01-01,2014-12-01,Vorsitzende(r),149000.0,17000.0,0.0,166000.0,,Hessen,SGVHT,2014.0,157000.0,0.10828025477707008
Sparkasse Lemgo,Horst Selbach,2014-01-01,2014-12-31,Vorsitzende(r),405000.0,49000.0,13000.0,467000.0,,Nordrhein-Westfalen,SVWL,2014.0,452000.0,0.1084070796460177
Sparkasse Lemgo,Bernd Dabrock,2014-01-01,2014-12-31,Mitglied,338000.0,41000.0,10000.0,389000.0,,Nordrhein-Westfalen,SVWL,2014.0,377000.0,0.10875331564986736
Stadtsparkasse Dortmund,Uwe Samulewicz,2014-01-01,2014-12-31,Vorsitzende(r),486000.0,59000.0,13000.0,558000.0,,Nordrhein-Westfalen,SVWL,2014.0,541000.0,0.1090573012939002
Kreissparkasse Steinfurt,Jürgen Brönstrup,2014-01-01,2014-12-31,Mitglied,350000.0,43000.0,12000.0,405000.0,,Nordrhein-Westfalen,SVWL,2014.0,394000.0,0.10913705583756343
Kreis- und Stadtsparkasse Unna-Kamen,Bernd Wenge,2014-01-01,2014-12-31,Mitglied,238000.0,27000.0,14000.0,279000.0,,Nordrhein-Westfalen,SVWL,2014.0,247000.0,0.10931174089068826
Sparkasse Lörrach-Rheinfelden,Bernd Wenger,2014-01-01,2014-12-31,Mitglied,238000.0,27000.0,14000.0,279000.0,,Baden-Württemberg,SVBW,2014.0,247000.0,0.10931174089068826
Sparkasse Arnsberg-Sundern,Ernst-Michael Sittig,2014-01-01,2014-12-31,Mitglied,252000.0,30000.0,8000.0,290000.0,,Nordrhein-Westfalen,SVWL,2014.0,273000.0,0.10989010989010987
Kreissparkasse Steinfurt,Heinz-Bernd Buss,2014-01-01,2014-12-31,Mitglied,350000.0,43000.0,12000.0,405000.0,,Nordrhein-Westfalen,SVWL,2014.0,391000.0,0.10997442455242967
Sparkasse Werra-Meißner,Frank Nickel,2014-01-01,2014-12-31,Vorsitzende(r),302000.0,38000.0,0.0,340000.0,,Hessen,SGVHT,2014.0,345000.0,0.11014492753623188
Kreissparkasse Steinfurt,Karl Derikartz,2014-01-01,2014-07-31,Vorsitzende(r),224000.0,47000.0,8000.0,279000.0,,Nordrhein-Westfalen,SVWL,2014.0,426000.0,0.11032863849765258
Sparkasse Hilden Ratingen Velbert,Josef Stopfer,2014-01-01,2014-12-31,Mitglied,345000.0,43900.0,17400.0,406300.0,,Nordrhein-Westfalen,RSGV,2014.0,394000.0,0.11142131979695433
Sparkasse Kierspe-Meinerzhagen,Roman Kappius,2014-01-01,2014-12-31,Mitglied,243000.0,31000.0,11000.0,285000.0,,Nordrhein-Westfalen,SVWL,2014.0,278000.0,0.11151079136690648
Stadtsparkasse Mönchengladbach,Jürgen Fröhlich,2014-01-01,2014-02-28,Mitglied,44538.0,34856.0,1993.0,81388.0,,Nordrhein-Westfalen,RSGV,2014.0,312121.0,0.11167463900218184
Sparkasse Gütersloh,Rainer Langkamp,2014-01-01,2014-04-30,Mitglied,96000.0,35000.0,4000.0,135000.0,,Nordrhein-Westfalen,SVWL,2014.0,313000.0,0.11182108626198084
Stadt-Sparkasse Langenfeld,Dirk Abel,2014-01-01,2014-12-31,Vorsitzende(r),332800.0,42300.0,12000.0,387100.0,,Nordrhein-Westfalen,RSGV,2014.0,377000.0,0.11220159151193634
Sparkasse Arnsberg-Sundern,Norbert Runde,2014-01-01,2014-12-31,Vorsitzende(r),283000.0,34000.0,9000.0,326000.0,,Nordrhein-Westfalen,SVWL,2014.0,303000.0,0.1122112211221122
Sparkasse Kierspe-Meinerzhagen,Wolfgang Opitz,2014-01-01,2014-12-31,Vorsitzende(r),267000.0,34000.0,11000.0,312000.0,,Nordrhein-Westfalen,SVWL,2014.0,303000.0,0.1122112211221122
Sparkasse Herford,Horst Prüßmeier,2014-01-01,2014-12-31,Mitglied,378000.0,45000.0,15000.0,438000.0,,Nordrhein-Westfalen,SVWL,2014.0,401000.0,0.11221945137157108
Sparkasse Hilden Ratingen Velbert,Wolfgang Busch,2014-01-01,2014-12-31,Mitglied,362200.0,46100.0,14200.0,422500.0,,Nordrhein-Westfalen,RSGV,2014.0,409600.0,0.112548828125
Kreissparkasse Schlüchtern,Thomas Maus,2014-01-01,2014-12-31,Vorsitzende(r),218000.0,25000.0,0.0,243000.0,,Hessen,SGVHT,2014.0,222000.0,0.1126126126126126
Stadtsparkasse Gevelsberg,Thomas Biermann,2014-01-01,2014-12-31,Vorsitzende(r),274600.0,34900.0,10800.0,320300.0,,Nordrhein-Westfalen,SVWL,2014.0,309700.0,0.11268969970939617
Stadtsparkasse Mönchengladbach,Antonius Bergmann,2014-01-01,2014-12-31,Mitglied,375387.0,46475.0,13719.0,435582.0,,Nordrhein-Westfalen,RSGV,2014.0,412360.0,0.11270491803278687
Stadtsparkasse Bottrop,Thomas Schmidt,2014-01-01,2014-12-31,Vorsitzende(r),300000.0,37000.0,14000.0,351000.0,,Nordrhein-Westfalen,SVWL,2014.0,328000.0,0.11280487804878048
Sparkasse Lünen,Ulrich Fischer,2014-01-01,2014-12-31,Vorsitzende(r),290000.0,37000.0,11000.0,338000.0,,Nordrhein-Westfalen,SVWL,2014.0,328000.0,0.11280487804878048
Sparkasse Münsterland Ost,Markus Schabel,2014-01-01,2014-12-31,Vorsitzende(r),560000.0,71000.0,17000.0,648000.0,,Nordrhein-Westfalen,SVWL,2014.0,629000.0,0.11287758346581875
Sparkasse Lünen,Heiko Rautert,2014-01-01,2014-12-31,Mitglied,264000.0,34000.0,10000.0,308000.0,,Nordrhein-Westfalen,SVWL,2014.0,301000.0,0.11295681063122925
Sparkasse Aachen,Ralf Wagemann,2014-01-01,2014-12-31,Mitglied,480000.0,58000.0,12000.0,550000.0,,Nordrhein-Westfalen,RSGV,2014.0,513000.0,0.11306042884990253
Stadt-Sparkasse Langenfeld,Stefan Noack,2014-01-01,2014-12-31,Mitglied,252100.0,32100.0,8400.0,292600.0,,Nordrhein-Westfalen,RSGV,2014.0,283900.0,0.11306798168369145
Sparkasse Leverkusen,Markus Grawe,2014-01-01,2014-12-31,Mitglied,331000.0,42100.0,11600.0,384700.0,,Nordrhein-Westfalen,RSGV,2014.0,372300.0,0.11308084877786732
Sparkasse Aachen,Norbert Laufs,2014-01-01,2014-12-31,Mitglied,503000.0,61000.0,13000.0,577000.0,,Nordrhein-Westfalen,RSGV,2014.0,539000.0,0.11317254174397033
Sparkasse Aachen,Hubert Herpers,2014-01-01,2014-12-31,Vorsitzende(r),551000.0,67000.0,16000.0,634000.0,,Nordrhein-Westfalen,RSGV,2014.0,592000.0,0.11317567567567567
Kreissparkasse Halle,Hartwig Mathmann,2014-01-01,2014-12-31,Vorsitzende(r),313000.0,40000.0,11000.0,364000.0,,Nordrhein-Westfalen,SVWL,2014.0,353000.0,0.113314447592068
Stadtsparkasse Dortmund,Jörg Busatta,2014-01-01,2014-12-31,Mitglied,453000.0,57000.0,10000.0,520000.0,,Nordrhein-Westfalen,SVWL,2014.0,503000.0,0.11332007952286285
Sparkasse Hilden Ratingen Velbert,Jörg Buschmann,2014-01-01,2014-12-31,Vorsitzende(r),379500.0,48300.0,11500.0,439300.0,,Nordrhein-Westfalen,RSGV,2014.0,426200.0,0.11332707648991085
Sparkasse Aachen,Wilfried Nellessen,2014-01-01,2014-12-31,stellvertretendes Mitglied,360000.0,44000.0,11000.0,415000.0,,Nordrhein-Westfalen,RSGV,2014.0,387000.0,0.11369509043927647
Sparkasse Aachen,Dr. Christian Burmester,2014-01-01,2014-12-31,Mitglied,479000.0,58000.0,11000.0,548000.0,,Nordrhein-Westfalen,RSGV,2014.0,510000.0,0.11372549019607844
Kreissparkasse Wiedenbrück,Johannes Hüser,2014-01-01,2014-12-31,Vorsitzende(r),357000.0,43000.0,11000.0,411000.0,,Nordrhein-Westfalen,SVWL,2014.0,377000.0,0.11405835543766578
Sparkasse Münsterland Ost,Wolfram Gerling,2014-01-01,2014-12-31,Mitglied,466000.0,60000.0,15000.0,541000.0,,Nordrhein-Westfalen,SVWL,2014.0,526000.0,0.1140684410646388
Kreissparkasse Halle,Henning Bauer,2014-01-01,2014-12-31,Mitglied,284000.0,33000.0,9000.0,326000.0,,Nordrhein-Westfalen,SVWL,2014.0,289000.0,0.11418685121107268
Verbandssparkasse Goch-Kevelaer-Weeze,Stefan Eich,2014-01-01,2014-12-31,Mitglied,224000.0,28000.0,8000.0,260000.0,,Nordrhein-Westfalen,RSGV,2014.0,245000.0,0.11428571428571427
Kreissparkasse Wiedenbrück,Werner Twent,2014-01-01,2014-12-31,Mitglied,325000.0,39000.0,9000.0,373000.0,,Nordrhein-Westfalen,SVWL,2014.0,341000.0,0.11436950146627566
Stadtsparkasse Bottrop,Burkhard Klanten,2014-01-01,2014-12-31,Mitglied,273000.0,34000.0,9000.0,316000.0,,Nordrhein-Westfalen,SVWL,2014.0,297000.0,0.11447811447811447
Verbandssparkasse Goch-Kevelaer-Weeze,Thomas Müller,2014-01-01,2014-12-31,Vorsitzende(r),246000.0,31000.0,10000.0,287000.0,,Nordrhein-Westfalen,RSGV,2014.0,270000.0,0.1148148148148148
Sparkasse Münsterland Ost,Klaus Richter,2014-01-01,2014-12-31,Mitglied,466000.0,60000.0,13000.0,539000.0,,Nordrhein-Westfalen,SVWL,2014.0,521000.0,0.11516314779270635
Stadtsparkasse Dortmund,Norbert Wolf,2014-01-01,2014-12-31,Mitglied,453000.0,57000.0,0.0,510000.0,,Nordrhein-Westfalen,SVWL,2014.0,494000.0,0.1153846153846154
Sparkasse Herford,Peter Becker,2014-01-01,2014-12-31,Vorsitzende(r),415000.0,50000.0,12000.0,477000.0,,Nordrhein-Westfalen,SVWL,2014.0,430000.0,0.11627906976744184
Sparkasse Gummersbach-Bergneustadt,Frank Grebe,2014-01-01,2014-12-31,Vorsitzende(r),316200.0,38800.0,0.0,355000.0,,Nordrhein-Westfalen,RSGV,2014.0,330100.0,0.1175401393517116
Sparkasse Gummersbach-Bergneustadt,Markus Vandrey,2014-01-01,2014-12-31,Mitglied,280100.0,34400.0,0.0,314500.0,,Nordrhein-Westfalen,RSGV,2014.0,292600.0,0.11756664388243335
Stadtsparkasse Mönchengladbach,Harmut Wnuck,2014-01-01,2014-12-31,Vorsitzende(r),412926.0,51112.0,10866.0,474915.0,,Nordrhein-Westfalen,RSGV,2014.0,433700.0,0.1178510491122896
Taunus Sparkasse,Oliver Klink,2014-01-01,2014-12-31,Vorsitzende(r),441000.0,61000.0,0.0,502000.0,,Hessen,SGVHT,2014.0,514000.0,0.1186770428015564
Sparkasse Lüdenscheid,Markus Hacke,2014-01-01,2014-12-31,Mitglied,276700.0,35200.0,17200.0,329100.0,,Nordrhein-Westfalen,SVWL,2014.0,291000.0,0.12096219931271478
Sparkasse Bergkamen-Bönen,Martin Weber,2014-01-01,2014-12-31,Mitglied,210000.0,27000.0,8000.0,245000.0,,Nordrhein-Westfalen,SVWL,2014.0,223000.0,0.1210762331838565
Sparkasse Fulda,Alois Früchtl,2014-01-01,2014-12-31,Vorsitzende(r),303000.0,43000.0,0.0,346000.0,,Hessen,SGVHT,2014.0,354000.0,0.12146892655367232
Sparkasse Münsterland Ost,Peter Scholz,2014-01-01,2014-12-31,Mitglied,431000.0,50000.0,15000.0,496000.0,,Nordrhein-Westfalen,SVWL,2014.0,410000.0,0.12195121951219512
Sparkasse Lüdenscheid,Thorsten Haering,2014-01-01,2014-12-31,Mitglied,276700.0,35200.0,17100.0,329000.0,,Nordrhein-Westfalen,SVWL,2014.0,287300.0,0.12252001392272885
Sparkasse Fulda,Horst Habermehl,2014-01-01,2014-12-31,Mitglied,208000.0,28000.0,0.0,236000.0,,Hessen,SGVHT,2014.0,226000.0,0.12389380530973453
Stadtsparkasse München,Dr. Thomas Grützemacher,2014-01-01,2014-12-31,Mitglied,384926.0,51074.0,0.0,436000.0,,Bayern,SVB,2014.0,410000.0,0.12457073170731707
Stadtsparkasse München,Joachim Ebener,2014-01-01,2014-12-31,Mitglied,384926.0,51074.0,0.0,436000.0,,Bayern,SVB,2014.0,410000.0,0.12457073170731707
Stadtsparkasse München,Marlies Mirbeth,2014-01-01,2014-12-31,Mitglied,384926.0,51074.0,0.0,436000.0,,Bayern,SVB,2014.0,410000.0,0.12457073170731707
Stadtsparkasse München,Dr. Bernd Hochberger,2014-01-01,2014-12-31,Mitglied,384926.0,51074.0,0.0,436000.0,,Bayern,SVB,2014.0,407000.0,0.1254889434889435
Stadtsparkasse Mönchengladbach,Sabine Sarnes,2014-01-01,2014-12-31,Mitglied,273912.0,8714.0,9762.0,292389.0,,Nordrhein-Westfalen,RSGV,2014.0,69185.0,0.12595215725952158
Stadt-Sparkasse Solingen,Stefan Grunwald,2014-01-01,2014-12-31,Vorsitzende(r),348000.0,44000.0,15000.0,407000.0,,Nordrhein-Westfalen,RSGV,2014.0,349000.0,0.12607449856733524
Sparkasse Fulda,Uwe Marohn,2014-01-01,2014-12-31,Mitglied,216000.0,30000.0,0.0,246000.0,,Hessen,SGVHT,2014.0,237000.0,0.12658227848101267
Stadtsparkasse Mönchengladbach,Helmut Wilms,2014-01-01,2014-12-31,Mitglied,375387.0,46475.0,11132.0,432995.0,,Nordrhein-Westfalen,RSGV,2014.0,366445.0,0.12682667248836796
Kreissparkasse Weilburg,Stephan Gürtler,2014-01-01,2014-12-31,Mitglied,178000.0,25000.0,0.0,203000.0,,Hessen,SGVHT,2014.0,197000.0,0.12690355329949238
Stadt-Sparkasse Solingen,Manfred Kartenberg,2014-01-01,2014-12-31,Mitglied,325000.0,41000.0,8000.0,374000.0,,Nordrhein-Westfalen,RSGV,2014.0,322000.0,0.12732919254658384
Sparkasse Leverkusen,Rainer Schwarz,2014-01-01,2014-12-31,Mitglied,324300.0,31600.0,7300.0,363200.0,,Nordrhein-Westfalen,RSGV,2014.0,247800.0,0.1275221953188055
Kreissparkasse Limburg,Patrick Ehlen,2014-01-01,2014-12-31,Vorsitzende(r),208000.0,29000.0,0.0,237000.0,,Hessen,SGVHT,2014.0,226000.0,0.12831858407079647
Sparkasse Herford,Kay Hoffmann,2014-01-01,2014-12-31,Mitglied,333000.0,11000.0,11000.0,355000.0,,Nordrhein-Westfalen,SVWL,2014.0,83000.0,0.13253012048192772
Kreissparkasse Weilburg,Stefan Hastrich,2014-01-01,2014-12-31,Vorsitzende(r),211000.0,31000.0,0.0,242000.0,,Hessen,SGVHT,2014.0,233000.0,0.13304721030042918
Stadtsparkasse Schwalmstadt,Wilheilm Bechtel,2014-01-01,2014-12-31,Vorsitzende(r),150000.0,22000.0,0.0,172000.0,,Hessen,SGVHT,2014.0,165000.0,0.13333333333333333
Stadtsparkasse München,Ralf Fleischer,2014-01-01,2014-12-31,Vorsitzende(r),437977.0,19023.0,0.0,457000.0,Die Bezüge des gesamten Vorstandes betrugen im Jahr 2014 2451000 € ,Bayern,SVB,2014.0,142000.0,0.13396478873239434
Kreissparkasse Limburg,Mario Rohrer,2014-01-01,2014-12-31,Mitglied,180000.0,25000.0,0.0,205000.0,,Hessen,SGVHT,2014.0,184000.0,0.1358695652173913
Städtische Sparkasse zu Schwelm,Michael Lindermann,2014-01-01,2014-12-31,Mitglied,216000.0,23000.0,8.0,247000.0,,Nordrhein-Westfalen,SVWL,2014.0,169000.0,0.13609467455621302
Taunus Sparkasse,Markus Franz,2014-01-01,2014-12-31,Mitglied,252000.0,40000.0,0.0,292000.0,,Hessen,SGVHT,2014.0,286000.0,0.13986013986013987
Kreissparkasse Groß-Gerau,Heiko Dennert,2014-01-01,2014-12-31,Mitglied,335000.0,50000.0,0.0,385000.0,,Hessen,SGVHT,2014.0,356000.0,0.1404494382022472
Stadtsparkasse Schwalmstadt,Reinhard Hooß,2014-01-01,2014-12-31,Mitglied,103000.0,16000.0,0.0,119000.0,,Hessen,SGVHT,2014.0,113000.0,0.1415929203539823
Taunus Sparkasse,Axel Warnecke,2014-01-01,2014-05-31,Mitglied,115000.0,48000.0,0.0,163000.0,,Hessen,SGVHT,2014.0,338000.0,0.14201183431952666
Sparkasse Dillenburg,Michael Lehr,2014-01-01,2014-12-31,Mitglied,178000.0,28000.0,0.0,206000.0,,Hessen,SGVHT,2014.0,195000.0,0.14358974358974358
Sparkasse Bensheim,Manfred Vögtlin ,2014-11-01,2014-12-31,Mitglied,256000.0,37000.0,0.0,293000.0,,Hessen,SGVHT,2014.0,256000.0,0.14453125
Sparkasse Bensheim,Eric Tjarks,2014-01-01,2014-12-31,Vorsitzende(r),265000.0,43000.0,0.0,308000.0,,Hessen,SGVHT,2014.0,297000.0,0.1447811447811448
Sparkasse Gießen,Wolfgang Keil,2014-01-01,2014-12-31,Mitglied,222000.0,35000.0,0.0,257000.0,,Hessen,SGVHT,2014.0,241000.0,0.14522821576763487
Sparkasse Dillenburg,Lothar Theis,2014-01-01,2014-12-31,Vorsitzende(r),258000.0,42000.0,0.0,300000.0,,Hessen,SGVHT,2014.0,288000.0,0.14583333333333334
Kreissparkasse Groß-Gerau,Sabine Funk,2014-01-01,2014-12-31,Mitglied,266000.0,45000.0,0.0,311000.0,,Hessen,SGVHT,2014.0,305000.0,0.14754098360655735
Kasseler Sparkasse,Ingo Buchholz,2014-01-01,2014-12-31,Vorsitzende(r),363000.0,60000.0,0.0,423000.0,,Hessen,SGVHT,2014.0,406000.0,0.1477832512315271
Sparkasse Dieburg,Manfred Neßler,2014-01-01,2014-12-31,Vorsitzende(r),324300.0,59100.0,0.0,383400.0,,Hessen,SGVHT,2014.0,397800.0,0.14856711915535445
Kreissparkasse Groß-Gerau,Norbert Kleinle,2014-01-01,2014-12-31,Vorsitzende(r),400000.0,59000.0,0.0,459000.0,,Hessen,SGVHT,2014.0,392000.0,0.15051020408163265
Kasseler Sparkasse,Dr. Ralf Beinhauer,2014-01-01,2014-12-31,Mitglied,190000.0,32000.0,0.0,222000.0,,Hessen,SGVHT,2014.0,212000.0,0.1509433962264151
Kasseler Sparkasse,Jochen Johannink,2014-01-01,2014-12-31,Mitglied,284000.0,48000.0,0.0,332000.0,,Hessen,SGVHT,2014.0,318000.0,0.1509433962264151
Sparkasse Hanau,Robert Restani,2014-01-01,2014-12-31,Vorsitzende(r),378000.0,65000.0,0.0,443000.0,,Hessen,SGVHT,2014.0,430000.0,0.1511627906976744
Kasseler Sparkasse,Wolfram Ebert,2014-01-01,2014-12-31,Mitglied,225000.0,38000.0,0.0,263000.0,,Hessen,SGVHT,2014.0,251000.0,0.15139442231075698
Sparkasse Hanau,Dr. Ingo Wiedemeier,2014-01-01,2014-12-31,Mitglied,302000.0,52000.0,0.0,354000.0,,Hessen,SGVHT,2014.0,340000.0,0.15294117647058825
Sparkasse Starkenburg,Jürgen Schüdde,2014-01-01,2014-12-31,Vorsitzende(r),269000.0,47000.0,0.0,316000.0,,Hessen,SGVHT,2014.0,302000.0,0.15562913907284767
Sparkasse Dieburg,Markus Euler,2014-01-01,2014-12-31,Mitglied,271400.0,49800.0,0.0,321200.0,,Hessen,SGVHT,2014.0,312100.0,0.15956424223005447
Stadt- und Kreissparkasse Darmstadt,Georg Sellner,2014-01-01,2014-12-31,Vorsitzende(r),425000.0,78000.0,0.0,503000.0,,Hessen,SGVHT,2014.0,488000.0,0.1598360655737705
Stadt- und Kreissparkasse Darmstadt,Hans-Werner Erb,2014-01-01,2014-12-31,Mitglied,294000.0,52000.0,0.0,346000.0,,Hessen,SGVHT,2014.0,325000.0,0.16
Stadt- und Kreissparkasse Darmstadt,Roman Scheidel,2014-01-01,2014-12-31,Mitglied,353000.0,65000.0,0.0,418000.0,,Hessen,SGVHT,2014.0,406000.0,0.16009852216748768
Sparkasse Starkenburg,Manfred Rheiner,2014-11-01,2014-12-31,Mitglied,245000.0,45000.0,,290000.0,,Hessen,SGVHT,2014.0,278000.0,0.1618705035971223
Sparkasse Gießen,Peter Wolf,2014-01-01,2014-12-31,Vorsitzende(r),288000.0,47000.0,0.0,335000.0,,Hessen,SGVHT,2014.0,289000.0,0.16262975778546712
Stadtsparkasse Haltern am See,Jutta Kuhn,2014-01-01,2014-12-31,Mitglied,112000.0,23000.0,5000.0,140000.0,,Nordrhein-Westfalen,SVWL,2014.0,138000.0,0.16666666666666666
Sparkasse KölnBonn,Ulrich Voigt,2014-01-01,2014-12-31,Mitglied,409500.0,91700.0,45400.0,546600.0,,Nordrhein-Westfalen,RSGV,2014.0,521670.0,0.17578162439856615
Sparkasse Hanau,Nils Galle,2014-01-01,2014-12-31,Mitglied,245000.0,25000.0,0.0,270000.0,,Hessen,SGVHT,2014.0,139000.0,0.17985611510791366
Sparkasse KölnBonn,Dr. Joachim Schmalzl,2014-01-01,2014-12-31,Mitglied,409500.0,91700.0,25400.0,526600.0,,Nordrhein-Westfalen,RSGV,2014.0,506370.0,0.1810928767502024
Sparkasse KölnBonn,Dr. Christoph Siemons,2014-01-01,2014-12-31,Mitglied,409500.0,91700.0,24300.0,525500.0,,Nordrhein-Westfalen,RSGV,2014.0,499470.0,0.18359461028690413
Sparkasse Märkisches Sauerland Hemer-Menden,Dietmar Tacke,2014-01-01,2014-12-31,Vorsitzende(r),348000.0,62000.0,8000.0,418000.0,,Nordrhein-Westfalen,SVWL,2014.0,320000.0,0.19375
Sparkasse KölnBonn,Artur Grzesiek,2014-01-01,2014-12-31,Vorsitzende(r),590600.0,137500.0,16500.0,744600.0,,Nordrhein-Westfalen,RSGV,2014.0,706600.0,0.19459382960656665
Sparkasse Leverkusen,Manfred Herpolsheimer,2014-01-01,2014-12-31,Vorsitzende(r),416600.0,103000.0,18800.0,538400.0,,Nordrhein-Westfalen,RSGV,2014.0,522500.0,0.1971291866028708
Sparkasse der Stadt Iserlohn,Thomas Nagel,2014-01-01,2014-12-31,Mitglied,270000.0,56000.0,9000.0,335000.0,,Nordrhein-Westfalen,SVWL,2014.0,281000.0,0.199288256227758
Frankfurter Sparkasse,Altfried M. Lütkenhaus,2014-01-01,2014-12-31,Mitglied,363000.0,200000.0,0.0,563000.0,,Hessen,SGVHT,2014.0,567000.0,0.3527336860670194
Frankfurter Sparkasse,Stephan Bruhn,2014-01-01,2014-12-31,Mitglied,368000.0,200000.0,0.0,568000.0,,Hessen,SGVHT,2014.0,566000.0,0.353356890459364
Frankfurter Sparkasse,Herbert Hans Grüntker,2014-01-01,2014-12-31,Vorsitzende(r),452000.0,300000.0,0.0,752000.0,,Hessen,SGVHT,2014.0,757000.0,0.3963011889035667
Frankfurter Sparkasse,Arne Weick,2014-01-01,2014-12-31,Mitglied,369000.0,200000.0,0.0,569000.0,,Hessen,SGVHT,2014.0,483000.0,0.4140786749482402
Sparkasse Märkisches Sauerland Hemer-Menden,Jörg Kötter,2014-01-01,2014-12-31,Mitglied,265000.0,25000.0,14000.0,304000.0,,Nordrhein-Westfalen,SVWL,2014.0,38000.0,0.6578947368421053
