,sparkasse,state,bemessung_2014,gesamtbezuege_2014,durchschnittsgehalt_2014,bilanzsumme_2014,mitarbeiter_2014,anzahl_vorstaende_2014
1,Stadtsparkasse Felsberg,Hessen,424412175.0,361000.0,120333.33333333333,"156,1 Mio. €",42.0,3.0
2,Stadtsparkasse Borken,Hessen,434537800.0,278000.0,139000.0,"150,7 Mio. €",48.0,2.0
3,Sparkasse Battenberg,Hessen,556846950.0,239000.0,119500.0,"186,6 Mio. €",65.0,2.0
4,Stadtsparkasse Schwalmstadt,Hessen,537982370.0,291000.0,145500.0,"193,6 Mio. €",48.0,2.0
5,Stadtsparkasse Grebenstein,Hessen,506842930.0,254000.0,120952.38095238095,"188,2 Mio. €",62.0,2.1
7,Sparkasse Laubach-Hungen,Hessen,670256386.0,291000.0,145500.0,"237,8 Mio. €",81.0,2.0
8,Sparkasse Hohenwestedt,Schleswig-Holstein,653971310.0,305000.0,152500.0,"239,5 Mio. €",47.0,2.0
9,Sparkasse Geseke,Nordrhein-Westfalen,736237869.0,329000.0,164500.0,269 Mio. €,80.0,2.0
10,Sparkasse Finnentrop,Nordrhein-Westfalen,766019530.0,396000.0,198000.0,"296,5 Mio. €",94.0,2.0
11,Stadtsparkasse Haltern am See,Nordrhein-Westfalen,785124389.0,315000.0,157500.0,"295,9 Mio. €",109.0,2.0
13,Stadtsparkasse Freudenberg,Nordrhein-Westfalen,843755068.0,398000.0,199000.0,"285,3 Mio. €",91.0,2.0
14,Stadtsparkasse Delbrück,Nordrhein-Westfalen,794589147.0,453000.0,226500.0,"296,1 Mio. €",89.0,2.0
15,Stadtsparkasse Hilchenbach,Nordrhein-Westfalen,806856927.0,411500.0,205750.0,"311,5 Mio. €",83.0,2.0
16,Stadtsparkasse Blomberg/Lippe,Nordrhein-Westfalen,755900000.0,360000.0,180000.0,290 Mio. €,75.0,2.0
17,Stadtsparkasse Versmold,Nordrhein-Westfalen,834645362.0,400000.0,200000.0,"301,6 Mio. €",79.0,2.0
18,Stadtsparkasse Barsinghausen,Niedersachsen,956572272.0,242000.0,121000.0,"323,3 Mio. €",104.0,2.0
19,Sparkasse Grünberg,Hessen,949588417.0,413000.0,206500.0,"317,2 Mio. €",88.0,2.0
20,Sparkasse der Stadt Straelen,Nordrhein-Westfalen,792001304.0,411658.0,205829.0,"314,2 Mio. €",92.0,2.0
21,Sparkasse Schönau-Todtnau,Baden-Württemberg,871487569.0,345000.0,172500.0,"328,8 Mio. €",80.0,2.0
22,Sparkasse Erwitte-Anröchte,Nordrhein-Westfalen,897904694.0,418000.0,209000.0,"331,6 Mio. €",113.0,2.0
23,Sparkasse St. Blasien,Baden-Württemberg,970374468.0,349000.0,174500.0,"362,2 Mio. €",83.0,2.0
25,Stadtsparkasse Völklingen,Saarland,973042019.0,366258.0,183129.0,"367,7 Mio. €",90.0,2.0
26,Stadtsparkasse Schmallenberg,Nordrhein-Westfalen,1011016400.0,353000.0,176500.0,"376,3 Mio. €",88.0,2.0
27,Stadtsparkasse Herdecke,Nordrhein-Westfalen,1115362598.0,434000.0,217000.0,"390,7 Mio. €",100.0,2.0
29,Stadtsparkasse Rahden,Nordrhein-Westfalen,1141658502.0,436000.0,218000.0,"439,1 Mio. €",92.0,2.0
30,Sparkasse Rietberg,Nordrhein-Westfalen,1111925234.0,431000.0,215500.0,"407,2 Mio. €",110.0,2.0
31,Stadtsparkasse Lengerich,Nordrhein-Westfalen,1078483368.0,493000.0,246500.0,"414,3 Mio. €",108.0,2.0
32,Stadtsparkasse Sprockhövel,Nordrhein-Westfalen,1266147920.0,543000.0,271500.0,436 Mio. €,109.0,2.0
36,Stadtsparkasse Porta Westfalica,Nordrhein-Westfalen,1166310689.0,399000.0,199500.0,"449,3 Mio. €",108.0,2.0
37,Sparkasse Gronau,Nordrhein-Westfalen,1181400419.0,474000.0,237000.0,"452,4 Mio. €",122.0,2.0
41,Kreissparkasse Schlüchtern,Hessen,1378693210.0,449000.0,224500.0,495 Mio. €,132.0,2.0
44,Stadtsparkasse Bad Honnef,Nordrhein-Westfalen,1328508600.0,449800.0,224900.0,"516,4 Mio. €",118.0,2.0
45,Sparkasse Einbeck,Niedersachsen,1461823870.0,238000.0,119000.0,"521,8 Mio. €",135.0,2.0
46,Kreissparkasse Hildburghausen,Thüringen,1356695232.0,319000.0,159500.0,"524,7 Mio. €",134.0,2.0
47,Stadtsparkasse Wetter,Nordrhein-Westfalen,1447725901.0,547000.0,273500.0,"542,8 Mio. €",118.0,2.0
48,Sparkasse Burbach-Neunkirchen,Nordrhein-Westfalen,1372336392.0,480000.0,240000.0,"537,4 Mio. €",121.0,2.0
51,Verbandssparkasse Goch-Kevelaer-Weeze,Nordrhein-Westfalen,1428558370.0,547000.0,273500.0,"570,3 Mio. €",111.0,2.0
52,Sparkasse Stockach,Baden-Württemberg,1457943140.0,406000.0,203000.0,587 Mio. €,113.0,2.0
53,Städtische Sparkasse zu Schwelm,Nordrhein-Westfalen,1614669310.0,542000.0,271000.0,"590,2 Mio. €",145.0,2.0
55,Sparkasse Radevormwald-Hückeswagen,Nordrhein-Westfalen,1607108460.0,533900.0,266950.0,"536,8 Mio. €",156.0,2.0
56,Sparkasse Bergkamen-Bönen,Nordrhein-Westfalen,1561273530.0,533000.0,266500.0,"585,4 Mio. €",109.0,2.0
57,Stadt- und Kreissparkasse Moosburg,Bayern,1931380350.0,456000.0,228000.0,"606,1 Mio. €",192.0,2.0
58,Sparkasse Meschede,Nordrhein-Westfalen,1597472260.0,491000.0,245500.0,"606,8 Mio. €",151.0,2.0
61,Sparkasse Sonneberg,Thüringen,1744554300.0,368000.0,184000.0,"614,6 Mio. €",216.0,2.0
62,Stadtsparkasse Wermelskirchen,Nordrhein-Westfalen,1705106220.0,574600.0,287300.0,"640,6 Mio. €",147.0,2.0
64,Stadtsparkasse Werne,Nordrhein-Westfalen,1545277750.0,576000.0,288000.0,"595,9 Mio. €",131.0,2.0
67,Sparkasse Hennstedt-Wesselburen,Schleswig-Holstein,1649598730.0,380000.0,126666.66666666667,"671,5 Mio. €",173.0,3.0
68,Stadtsparkasse Schwerte,Nordrhein-Westfalen,1803930090.0,538000.0,269000.0,"661,2 Mio. €",171.0,2.0
69,Sparkasse Kierspe-Meinerzhagen,Nordrhein-Westfalen,1875527170.0,597000.0,298500.0,"672,6 Mio. €",146.0,2.0
70,Stadt-Sparkasse Haan,Nordrhein-Westfalen,1783597810.0,491095.0,245547.5,673 Mio. €,131.0,2.0
71,Sparkasse Ennepetal-Breckerfeld,Nordrhein-Westfalen,1974751030.0,404200.0,202100.0,"704,5 Mio. €",145.0,2.0
73,Sparkasse Pfullendorf-Messkirch,Baden-Württemberg,1862881890.0,424000.0,212000.0,"709,2 Mio. €",152.0,2.0
74,Sparkasse Werl,Nordrhein-Westfalen,2008616630.0,579000.0,289500.0,742 Mio. €,167.0,2.0
75,Sparkasse Freyung-Grafenau,Bayern,1888051022.0,422000.0,211000.0,"702,7 Mio. €",225.0,2.0
76,Vereinigte Sparkassen Gunzenhausen,Bayern,1993642064.0,448000.0,224000.0,"754,1 Mio. €",191.0,2.0
77,Stadtsparkasse Bad Oeynhausen,Nordrhein-Westfalen,1968358420.0,571000.0,285500.0,739 Mio. €,208.0,2.0
78,Bordesholmer Sparkasse AG,Schleswig-Holstein,2012446320.0,492000.0,246000.0,"713,1 Mio. €",155.0,2.0
79,Stadtsparkasse Dessau,Sachsen-Anhalt,1976488900.0,458000.0,229000.0,"723,8 Mio. €",194.0,2.0
80,Kreissparkasse Schongau,Bayern,2105262187.0,603000.0,207931.03448275864,"763,8 Mio. €",213.0,2.9
81,Stadtsparkasse Gladbeck,Nordrhein-Westfalen,2087381420.0,512000.0,256000.0,"744,9 Mio. €",211.0,2.0
85,Sparkasse der Homburgischen Gemeinden,Nordrhein-Westfalen,1997690860.0,560300.0,280150.0,"757,6 Mio. €",172.0,2.0
87,Sparkasse Beckum-Wadersloh,Nordrhein-Westfalen,2222107860.0,626000.0,313000.0,"781,1 Mio. €",192.0,2.0
88,Kreissparkasse Höchstadt/Aisch,Bayern,2256961004.0,436000.0,218000.0,"795,2 Mio. €",242.0,2.0
89,Verbundsparkasse Emsdetten-Ochtrup,Nordrhein-Westfalen,2321848530.0,491400.0,245700.0,"792,8 Mio. €",214.0,2.0
90,Sparkasse Salem-Heiligenberg,Baden-Württemberg,2191463890.0,399000.0,199500.0,"825,2 Mio. €",139.0,2.0
92,Sparkasse Osterode am Harz,Niedersachsen,2427848190.0,463000.0,231500.0,"843,8 Mio. €",260.0,2.0
93,Stadtsparkasse Emmerich-Rees,Nordrhein-Westfalen,2184635630.0,499000.0,249500.0,"795,9 Mio. €",209.0,2.0
94,Sparkasse Elmshorn,Schleswig-Holstein,2564513440.0,465000.0,232500.0,"861,2 Mio. €",203.0,2.0
95,Kyffhäusersparkasse Artern-Sondershausen,Thüringen,2327101420.0,443000.0,221500.0,900 Mio. €,224.0,2.0
96,Kreissparkasse Saale-Orla,Thüringen,2323459810.0,452000.0,226000.0,"871,1 Mio. €",261.0,2.0
97,Sparkasse Bühl,Baden-Württemberg,2254564310.0,469000.0,234500.0,"811,8 Mio. €",181.0,2.0
100,Sparkasse Neuburg-Rain,Bayern,2679128282.0,472000.0,236000.0,"916,2 Mio. €",261.0,2.0
101,Sparkasse Olpe-Drolshagen-Wenden,Nordrhein-Westfalen,2196126820.0,559000.0,279500.0,862 Mio. €,200.0,2.0
103,Sparkasse Wittgenstein,Nordrhein-Westfalen,2310342940.0,560000.0,280000.0,"838,8 Mio. €",243.0,2.0
106,Stadtsparkasse Gevelsberg,Nordrhein-Westfalen,2439594080.0,603300.0,301650.0,"910,7 Mio. €",148.0,2.0
107,Sparkasse Hattingen,Nordrhein-Westfalen,2516951710.0,568000.0,284000.0,"906,1 Mio. €",212.0,2.0
110,Kreis- und Stadtsparkasse Wasserburg am Inn,Bayern,2992834452.0,462000.0,231000.0,"981,7 Mio. €",247.0,2.0
111,Kreissparkasse Weilburg,Hessen,2669978700.0,445000.0,222500.0,"964,1 Mio. €",246.0,2.0
114,Sparkasse Altenburger Land,Thüringen,2584887428.0,384000.0,192000.0,"981,7 Mio. €",239.0,2.0
118,Sparkasse Eichstätt,Bayern,2735556994.0,499000.0,249500.0,1 Mrd. €,260.0,2.0
120,Kreissparkasse Nordhausen,Thüringen,2945384540.0,505000.0,252500.0,"1,1 Mrd. €",252.0,2.0
122,Stadtsparkasse Bocholt,Nordrhein-Westfalen,2483140470.0,556000.0,278000.0,"1,1 Mrd. €",237.0,2.0
123,Kreissparkasse St. Wendel,Saarland,3181629470.0,370899.0,185449.5,"1,1 Mrd. €",311.0,2.0
124,Kreissparkasse Gotha,Thüringen,3408697590.0,439000.0,219500.0,"1,2 Mrd. €",278.0,2.0
125,Sparkasse Unstrut-Hainich,Thüringen,2988991840.0,343000.0,171500.0,"1,1 Mrd. €",290.0,2.0
127,Sparkasse Arnstadt-Ilmenau,Thüringen,3119026260.0,418000.0,209000.0,"1,1 Mrd. €",285.0,2.0
128,Kreissparkasse Garmisch-Partenkirchen,Bayern,2855364084.0,481000.0,240500.0,"1,1 Mrd. €",309.0,2.0
129,Kreissparkasse Eichsfeld,Thüringen,3256310599.0,414000.0,207000.0,"1,2 Mrd. €",282.0,2.0
130,Sparkasse Pfaffenhofen,Bayern,3344662206.0,630000.0,252000.0,"1,2 Mrd. €",327.0,2.5
131,Sparkasse Bad Neustadt a.d. Saale,Bayern,3383420630.4,426000.0,213000.0,"1,2 Mrd. €",318.0,2.0
132,Kreissparkasse Saalfeld-Rudolstadt,Thüringen,3136961090.0,612000.0,204000.0,"1,2 Mrd. €",302.0,3.0
133,Sparkasse Ostunterfranken,Bayern,3313982914.0,476000.0,238000.0,"1,2 Mrd. €",316.0,2.0
135,Sparkasse Hochsauerland,Nordrhein-Westfalen,2998899100.0,606000.0,303000.0,"1,2 Mrd. €",305.0,2.0
136,Sparkasse Arnsberg-Sundern,Nordrhein-Westfalen,3317641700.0,616000.0,308000.0,"1,1 Mrd. €",286.0,2.0
137,Stadtsparkasse Bottrop,Nordrhein-Westfalen,3294416500.0,667000.0,333500.0,"1,2 Mrd. €",309.0,2.0
139,Kreissparkasse Gelnhausen,Hessen,3187248730.0,401000.0,190952.38095238095,"1,1 Mrd. €",320.0,2.1
141,Kreis- und Stadtsparkasse Dillingen,Bayern,3517496441.0,572000.0,286000.0,"1,2 Mrd. €",381.0,2.0
142,Sparkasse Märkisches Sauerland Hemer-Menden,Nordrhein-Westfalen,3207261098.0,613000.0,306500.0,"1,2 Mrd. €",274.0,2.0
143,Sparkasse Staufen-Breisach,Baden-Württemberg,3433490580.0,558000.0,279000.0,"1,2 Mrd. €",304.0,2.0
144,Sparkasse Gummersbach-Bergneustadt,Nordrhein-Westfalen,3411786870.0,669500.0,334750.0,"1,2 Mrd. €",281.0,2.0
145,Sparkasse Attendorn-Lennestadt-Kirchhundem,Nordrhein-Westfalen,2922481530.0,568200.0,284100.0,"1,1 Mrd. €",240.0,2.0
146,Kreissparkasse Stendal,Sachsen-Anhalt,3109085890.0,474000.0,237000.0,"1,2 Mrd. €",309.0,2.0
148,Sparkasse Kleve,Nordrhein-Westfalen,3337916810.0,549000.0,274500.0,"1,3 Mrd. €",335.0,2.0
149,Sparkasse Aichach-Schrobenhausen,Bayern,3723524117.0,686000.0,228666.66666666666,"1,2 Mrd. €",377.0,3.0
150,Sparkasse Dillenburg,Hessen,3539212650.0,506000.0,253000.0,"1,2 Mrd. €",360.0,2.0
151,Vereinigte Spk. Eschenbach Neustadt Vohenstrauß,Bayern,4261203879.0,818000.0,272666.6666666667,"1,3 Mrd. €",348.0,3.0
152,Sparkasse Mansfeld-Südharz,Sachsen-Anhalt,3984739340.0,599000.0,299500.0,"1,4 Mrd. €",317.0,2.0
157,Sparkasse Freising,Bayern,3854066561.0,535000.0,267500.0,"1,3 Mrd. €",358.0,2.0
160,Sparkasse Lippstadt,Nordrhein-Westfalen,3720671800.0,669000.0,334500.0,"1,4 Mrd. €",277.0,2.0
162,Sparkasse Donnersberg,Rheinland-Pfalz,3420208550.0,588000.0,294000.0,"1,4 Mrd. €",271.0,2.0
163,Kreis- und Stadtsparkasse Kaufbeuren,Bayern,4149097096.0,553000.0,276500.0,"1,4 Mrd. €",336.0,2.0
164,Stadt-Sparkasse Langenfeld,Nordrhein-Westfalen,3707565880.0,679700.0,339850.0,"1,3 Mrd. €",254.0,2.0
165,Kreissparkasse Halle,Nordrhein-Westfalen,3564400650.0,690000.0,345000.0,"1,4 Mrd. €",245.0,2.0
166,Sparkasse Bad Kissingen,Bayern,3974799784.0,506000.0,253000.0,"1,4 Mrd. €",370.0,2.0
167,Sparkasse Oberpfalz Nord,Bayern,3722874486.0,462000.0,231000.0,"1,4 Mrd. €",419.0,2.0
169,Kreissparkasse Limburg,Hessen,3916959950.0,422000.0,211000.0,"1,4 Mrd. €",417.0,2.0
170,Stadtsparkasse Remscheid,Nordrhein-Westfalen,4129668220.0,552900.0,276450.0,"1,4 Mrd. €",382.0,2.0
171,Städtische Sparkasse Offenbach am Main,Hessen,3653010000.0,616000.0,308000.0,"1,4 Mrd. €",302.0,2.0
172,Sparkasse Lünen,Nordrhein-Westfalen,3594326180.0,646000.0,323000.0,"1,4 Mrd. €",318.0,2.0
173,Sparkasse Niederlausitz mit Sitz in Senftenberg,Brandenburg,4459892130.0,689000.0,344500.0,"1,5 Mrd. €",335.0,2.0
175,Sparkasse im Landkreis Cham,Bayern,4349825043.0,512000.0,256000.0,"1,5 Mrd. €",379.0,2.0
176,Sparkasse Höxter,Nordrhein-Westfalen,3811444430.0,637000.0,318500.0,"1,4 Mrd. €",390.0,2.0
177,Sparkasse Märkisch-Oderland,Brandenburg,3750047430.0,866000.0,288666.6666666667,"1,5 Mrd. €",361.0,3.0
179,Sparkasse Neunkirchen,Saarland,4412379740.0,434178.0,217089.0,"1,4 Mrd. €",401.0,2.0
180,Sparkasse Soest,Nordrhein-Westfalen,4108927730.0,870000.0,290000.0,"1,5 Mrd. €",303.0,3.0
183,Sparkasse Berchtesgadener Land,Bayern,4306901371.0,764000.0,254666.66666666666,"1,5 Mrd. €",394.0,3.0
184,Sparkasse Odenwaldkreis,Hessen,4278083700.0,503000.0,251500.0,"1,5 Mrd. €",407.0,2.0
185,Wartburg-Sparkasse,Thüringen,4298136380.0,555000.0,222000.0,"1,6 Mrd. €",392.0,2.5
187,Sparkasse der Stadt Iserlohn,Nordrhein-Westfalen,4317870380.0,967000.0,322333.3333333333,"1,5 Mrd. €",373.0,3.0
191,Vereinigte Sparkassen im Landkreis Weilheim,Bayern,4630822982.0,779000.0,259666.66666666666,"1,6 Mrd. €",409.0,3.0
194,Vereinigte Sparkasse im Märkischen Kreis,Nordrhein-Westfalen,4234336770.0,624000.0,312000.0,"1,6 Mrd. €",355.0,2.0
196,Sparkasse Merzig-Wadern,Saarland,4678145540.0,577000.0,288500.0,"1,6 Mrd. €",436.0,2.0
199,Sparkasse Forchheim,Bayern,4490416446.0,572000.0,286000.0,"1,6 Mrd. €",414.0,2.0
200,Rhön-Rennsteig-Sparkasse,Thüringen,4953857060.0,482000.0,241000.0,"1,6 Mrd. €",472.0,2.0
201,Sparkasse Dinslaken-Voerde-Hünxe,Nordrhein-Westfalen,4101679549.0,623800.0,311900.0,"1,5 Mrd. €",429.0,2.0
202,Kreissparkasse Saarpfalz,Saarland,4816672390.0,610000.0,305000.0,"1,7 Mrd. €",451.0,2.0
206,Sparkasse Günzburg-Krumbach,Bayern,5011799742.0,593000.0,296500.0,"1,8 Mrd. €",426.0,2.0
208,Kreissparkasse Miesbach-Tegernsee,Bayern,5056710061.0,806000.0,268666.6666666667,"1,7 Mrd. €",380.0,3.0
209,Sparkasse Hamm,Nordrhein-Westfalen,4470252370.0,970000.0,323333.3333333333,"1,7 Mrd. €",376.0,3.0
212,Sparkasse Landsberg-Dießen,Bayern,5163655792.0,856000.0,285333.3333333333,"1,7 Mrd. €",404.0,3.0
214,Sparkasse Werra-Meißner,Hessen,4905613660.0,600000.0,300000.0,"1,7 Mrd. €",404.0,2.0
216,Kreissparkasse Euskirchen,Nordrhein-Westfalen,4982557277.0,658843.0,329421.5,"1,8 Mrd. €",478.0,2.0
217,Verbands-Sparkasse Wesel,Nordrhein-Westfalen,4373443609.0,606000.0,303000.0,"1,7 Mrd. €",403.0,2.0
219,Herner Sparkasse,Nordrhein-Westfalen,4446124393.0,621000.0,310500.0,"1,6 Mrd. €",418.0,2.0
221,Kreissparkasse Freudenstadt,Baden-Württemberg,4581339222.0,671000.0,223666.66666666666,"1,7 Mrd. €",412.0,3.0
223,Kreissparkasse Kelheim,Bayern,4958393533.0,579000.0,289500.0,"1,8 Mrd. €",528.0,2.0
224,Sparkasse Jena-Saale-Holzland,Thüringen,4695843545.0,694000.0,231333.33333333334,"1,9 Mrd. €",479.0,3.0
225,Sparkasse Rotenburg-Bremervörde,Niedersachsen,5208118764.0,690000.0,345000.0,"1,8 Mrd. €",471.0,2.0
226,Sparkasse im Landkreis Neustadt/Aisch - Bad Windsheim,Bayern,5292107416.3,777000.0,259000.0,"1,8 Mrd. €",457.0,3.0
227,Sparkasse Gütersloh,Nordrhein-Westfalen,5230094900.0,574000.0,382666.6666666667,"1,9 Mrd. €",397.0,1.5
228,Sparkasse Miltenberg-Obernburg,Bayern,5169550678.0,780000.0,260000.0,"1,8 Mrd. €",530.0,3.0
229,Sparkasse Bensheim,Hessen,5140658185.0,601000.0,300500.0,"1,8 Mrd. €",424.0,2.0
230,Kreis- und Stadtsparkasse Erding - Dorfen,Bayern,5234468213.0,794000.0,264666.6666666667,"1,9 Mrd. €",421.0,3.0
231,Sparkasse Lüdenscheid,Nordrhein-Westfalen,5310591325.0,980400.0,326800.0,"1,8 Mrd. €",425.0,3.0
234,Sparkasse Baden-Baden Gaggenau,Baden-Württemberg,4865835309.0,795000.0,397500.0,"1,8 Mrd. €",390.0,2.0
235,Sparkasse Neu-Ulm - Illertissen,Bayern,5516007959.0,876000.0,292000.0,"1,9 Mrd. €",525.0,3.0
236,Kreissparkasse Traunstein-Trostberg,Bayern,5059352992.0,779000.0,259666.66666666666,2 Mrd. €,469.0,3.0
237,Sparkasse im Landkreis Schwandorf,Bayern,5270469335.0,701000.0,300858.36909871246,"1,9 Mrd. €",534.0,2.33
238,Sparkasse Amberg-Sulzbach,Bayern,5347263482.9,978000.0,326000.0,2 Mrd. €,527.0,3.0
239,Sparkasse Bad Hersfeld-Rotenburg,Hessen,5540114151.0,615000.0,307500.0,"1,8 Mrd. €",484.0,2.0
241,Sparkasse Witten,Nordrhein-Westfalen,5226117990.0,681000.0,340500.0,2 Mrd. €,463.0,2.0
242,Sparkasse Gera-Greiz,Thüringen,5195283085.0,740000.0,246666.66666666666,"1,9 Mrd. €",494.0,3.0
243,Kreissparkasse Heidenheim,Baden-Württemberg,4903130782.0,617000.0,308500.0,"1,9 Mrd. €",386.0,2.0
244,Sparkasse Aurich-Norden,Niedersachsen,5910283355.0,699000.0,233000.0,2 Mrd. €,474.0,3.0
245,Kreissparkasse Schwalm-Eder,Hessen,5148869898.0,699000.0,349500.0,2 Mrd. €,445.0,2.0
246,Sparkasse Starkenburg,Hessen,6014875461.0,606000.0,303000.0,"1,9 Mrd. €",414.0,2.0
248,Sparkasse Gießen,Hessen,5913571000.0,686000.0,274400.0,"2,1 Mrd. €",628.0,2.5
250,Sparkasse Bad Tölz-Wolfratshausen,Bayern,5946267712.0,888000.0,296000.0,"2,1 Mrd. €",491.0,3.0
252,Sparkasse Waldeck-Frankenberg,Hessen,5536279416.0,500000.0,250000.0,2 Mrd. €,517.0,2.0
253,Weser-Elbe Sparkasse,Niedersachsen,11635728000.0,1339000.0,446333.3333333333,4 Mrd. €,976.0,3.0
254,Sparkasse Neumarkt-Parsberg,Bayern,6353678023.4,876000.0,292000.0,2 Mrd. €,540.0,3.0
256,Sparkasse Wetzlar,Hessen,6217723780.0,479000.0,239500.0,"2,1 Mrd. €",585.0,2.0
258,Kreissparkasse Wiedenbrück,Nordrhein-Westfalen,5728771000.0,784000.0,392000.0,"2,1 Mrd. €",366.0,2.0
260,Kreis- und Stadtsparkasse Unna-Kamen,Nordrhein-Westfalen,6194226000.0,1234000.0,308500.0,"2,2 Mrd. €",433.0,4.0
261,Sparkasse Bayreuth,Bayern,5663765362.0,645000.0,322500.0,"2,2 Mrd. €",569.0,2.0
263,Sparkasse Markgräflerland,Baden-Württemberg,6144801430.0,980000.0,326666.6666666667,"2,3 Mrd. €",412.0,3.0
264,Sparkasse Kulmbach-Kronach,Bayern,6120392480.0,636000.0,318000.0,"2,3 Mrd. €",614.0,2.0
265,Stadt-Sparkasse Solingen,Nordrhein-Westfalen,6204205520.0,781000.0,390500.0,"2,2 Mrd. €",630.0,2.0
267,Sparkasse Dieburg,Hessen,7360596010.0,704600.0,352300.0,"2,2 Mrd. €",524.0,2.0
269,Sparkasse zu Lübeck AG,Schleswig-Holstein,7009641960.0,707000.0,353500.0,"2,4 Mrd. €",493.0,2.0
270,Sparkasse Coburg-Lichtenfels,Bayern,6628985131.0,950000.0,316666.6666666667,"2,4 Mrd. €",657.0,3.0
271,Sparkasse Altötting-Mühldorf,Bayern,6815541913.0,995000.0,331666.6666666667,"2,4 Mrd. €",617.0,3.0
272,Sparkasse Minden-Lübbecke,Nordrhein-Westfalen,6924197420.0,906000.0,302000.0,"2,3 Mrd. €",679.0,3.0
274,Sparkasse Schweinfurt,Bayern,6983925426.3,833000.0,277666.6666666667,"2,5 Mrd. €",596.0,3.0
276,Sparkasse Meißen,Sachsen,6432656662.0,932000.0,372800.0,"2,5 Mrd. €",441.0,2.5
279,Stadtsparkasse Oberhausen,Nordrhein-Westfalen,6465968008.0,964019.0,241004.75,"2,4 Mrd. €",589.0,4.0
280,Sparkasse Oder-Spree,Brandenburg,7448915000.0,1088000.0,375172.4137931035,"2,5 Mrd. €",524.0,2.9
282,Sparkasse Hagen,Nordrhein-Westfalen,7041618107.0,1094000.0,364666.6666666667,"2,5 Mrd. €",538.0,3.0
283,Sparkasse Dachau,Bayern,7157140412.0,749000.0,374500.0,"2,6 Mrd. €",561.0,2.0
284,Kreissparkasse Düsseldorf,Nordrhein-Westfalen,7505889963.0,1015625.0,338541.6666666667,"2,6 Mrd. €",679.0,3.0
285,Sparkasse Passau,Bayern,7569454253.0,989000.0,329666.6666666667,"2,6 Mrd. €",779.0,3.0
286,Sparkasse Mülheim an der Ruhr,Nordrhein-Westfalen,7265559222.0,744655.0,248218.33333333334,"2,7 Mrd. €",534.0,3.0
288,Sparkasse Zwickau,Sachsen,7505540274.0,812000.0,406000.0,"2,6 Mrd. €",514.0,2.0
290,Sparkasse Hochrhein,Baden-Württemberg,7838573377.0,763000.0,331739.13043478265,"2,7 Mrd. €",567.0,2.3
292,Kreissparkasse Groß-Gerau,Hessen,7732305998.0,1155000.0,385000.0,"2,7 Mrd. €",686.0,3.0
294,Sparkasse Göttingen,Niedersachsen,7625043860.0,925000.0,308333.3333333333,"2,7 Mrd. €",730.0,3.0
297,Vereinigte Sparkassen Stadt- und Landkreis Ansbach,Bayern,8286175772.9,920000.0,306666.6666666667,"2,9 Mrd. €",708.0,3.0
299,Sparkasse Lemgo,Nordrhein-Westfalen,7721048650.0,1211000.0,403666.6666666667,"2,8 Mrd. €",630.0,3.0
300,Sparkasse Worms-Alzey-Ried,Rheinland-Pfalz,7816195838.0,1256000.0,322051.28205128206,"2,9 Mrd. €",613.0,3.9
301,Sparkasse Oberlausitz-Niederschlesien,Sachsen,7931401242.0,874000.0,437000.0,"2,9 Mrd. €",590.0,2.0
302,Sparkasse Fürth,Bayern,8403634101.0,1063000.0,354333.3333333333,3 Mrd. €,775.0,3.0
303,OstseeSparkasse Rostock,Mecklenburg-Vorpommern,8176275350.0,792000.0,396000.0,3 Mrd. €,741.0,2.0
305,Kreissparkasse Heinsberg,Nordrhein-Westfalen,8668226112.0,1063500.0,354500.0,3 Mrd. €,702.0,3.0
306,Kreissparkasse Mittelsachsen,Sachsen,8109155967.0,1538000.0,473230.76923076925,3 Mrd. €,631.0,3.25
307,Sparkasse Vogtland,Sachsen,8440424112.0,1176000.0,392000.0,3 Mrd. €,598.0,3.0
310,Sparkasse Siegen,Nordrhein-Westfalen,8882343577.0,1267000.0,422333.3333333333,"3,1 Mrd. €",796.0,3.0
311,Sparkasse Schwäbisch Hall Crailsheim,Baden-Württemberg,8254863453.0,921000.0,307000.0,"3,1 Mrd. €",576.0,3.0
312,Sparkasse am Niederrhein,Nordrhein-Westfalen,8385817628.0,1016200.0,338733.3333333333,"3,1 Mrd. €",757.0,3.0
313,Sparkasse Leverkusen,Nordrhein-Westfalen,8448484042.0,1286300.0,428766.6666666667,"3,1 Mrd. €",619.0,3.0
314,Sparkasse Emsland,Niedersachsen,9224059551.0,990000.0,330000.0,"3,1 Mrd. €",889.0,3.0
315,Kreissparkasse Augsburg,Bayern,8779722134.0,1094000.0,364666.6666666667,"3,2 Mrd. €",688.0,3.0
316,Sparkasse Westholstein,Schleswig-Holstein,9099278694.0,1134000.0,378000.0,"3,3 Mrd. €",708.0,3.0
317,Sparkasse Vorpommern,Mecklenburg-Vorpommern,8704397805.0,935000.0,311666.6666666667,"3,2 Mrd. €",770.0,3.0
318,Sparkasse Gelsenkirchen,Nordrhein-Westfalen,9149445392.0,637000.0,318500.0,"3,1 Mrd. €",820.0,2.0
319,Sparkasse Hilden Ratingen Velbert,Nordrhein-Westfalen,9136011831.0,1268100.0,422700.0,"3,3 Mrd. €",789.0,3.0
320,Sparkasse Zollernalb,Baden-Württemberg,9016381607.0,682000.0,341000.0,"3,2 Mrd. €",804.0,2.0
321,Sparkasse Fürstenfeldbruck,Bayern,9941456375.0,1047000.0,349000.0,"3,3 Mrd. €",812.0,3.0
322,Sparkasse Marburg-Biedenkopf,Hessen,9536108948.0,945000.0,315000.0,"3,2 Mrd. €",916.0,3.0
323,Sparkasse Düren,Nordrhein-Westfalen,9541624384.0,1093000.0,364333.3333333333,"3,4 Mrd. €",813.0,3.0
324,Kreissparkasse Steinfurt,Nordrhein-Westfalen,9399790296.0,1336000.0,334000.0,"3,4 Mrd. €",910.0,4.0
326,Sparkasse Landshut,Bayern,9522736939.0,1081000.0,360333.3333333333,"3,5 Mrd. €",863.0,3.0
327,Sparkasse Langen-Seligenstadt,Hessen,9437302120.0,817000.0,408500.0,"3,2 Mrd. €",740.0,2.0
329,Sparkasse Mittelfranken-Süd,Bayern,9208546425.0,1094000.0,364666.6666666667,"3,5 Mrd. €",923.0,3.0
330,Sparkasse Hochfranken,Bayern,10054431434.0,1144000.0,381333.3333333333,"3,5 Mrd. €",940.0,3.0
331,Kreissparkasse Saarlouis,Saarland,9835486722.0,915000.0,305000.0,"3,6 Mrd. €",769.0,3.0
332,Sparkasse Bamberg,Bayern,9256449138.0,986000.0,358545.45454545453,"3,5 Mrd. €",969.0,2.75
333,Sparkasse Fulda,Hessen,10106091351.0,828000.0,276000.0,"3,5 Mrd. €",837.0,3.0
334,Sparkasse Niederbayern-Mitte,Bayern,10207118769.0,1106000.0,368666.6666666667,"3,8 Mrd. €",827.0,3.0
337,Sparkasse Ingolstadt,Bayern,11637384427.0,1127000.0,375666.6666666667,"3,8 Mrd. €",787.0,3.0
340,Sparkasse Kraichgau,Baden-Württemberg,10433429887.0,973000.0,324333.3333333333,"3,9 Mrd. €",768.0,3.0
341,Sparkasse Memmingen-Lindau-Mindelheim,Bayern,10634690214.0,1001000.0,333666.6666666667,"3,7 Mrd. €",837.0,3.0
343,Sparkasse Mittelthüringen,Thüringen,11139039400.0,1099000.0,366333.3333333333,"3,9 Mrd. €",893.0,3.0
344,Sparkasse Regensburg,Bayern,11774737792.0,973000.0,324333.3333333333,4 Mrd. €,856.0,3.0
345,Sparkasse Aschaffenburg-Alzenau,Bayern,10828795997.0,962000.0,320666.6666666667,"3,9 Mrd. €",941.0,3.0
347,Sparkasse Offenburg/Ortenau,Baden-Württemberg,10996122614.0,1024000.0,341333.3333333333,4 Mrd. €,870.0,3.0
349,Sparkasse Bodensee,Baden-Württemberg,11566752083.0,1118000.0,372666.6666666667,"4,1 Mrd. €",901.0,3.0
350,Sparkasse Allgäu,Bayern,11836326934.0,994000.0,331333.3333333333,"4,2 Mrd. €",1079.0,3.0
351,Sparkasse Hildesheim,Niedersachsen,11856920945.0,805000.0,268333.3333333333,"3,9 Mrd. €",1085.0,3.0
352,Erzgebirgssparkasse,Sachsen,11079134480.0,1349000.0,449666.6666666667,"4,2 Mrd. €",1091.0,3.0
353,Stadt- und Kreissparkasse Darmstadt,Hessen,12553698216.0,1267000.0,422333.3333333333,"4,1 Mrd. €",856.0,3.0
354,Sparkasse Rosenheim-Bad Aibling,Bayern,12641738159.0,1060000.0,398496.24060150376,"4,5 Mrd. €",974.0,2.66
355,Taunus Sparkasse,Hessen,12834500000.0,957000.0,395454.54545454547,"4,4 Mrd. €",851.0,2.42
356,Stadt- und Kreissparkasse Erlangen,Bayern,11934586320.0,1016000.0,369454.54545454547,"4,2 Mrd. €",918.0,2.75
357,Sparkasse Hanau,Hessen,12378997089.0,1067000.0,355666.6666666667,"4,3 Mrd. €",689.0,3.0
358,Stadtsparkasse Mönchengladbach,Nordrhein-Westfalen,13080200174.0,1954306.0,390861.2,"4,6 Mrd. €",964.0,5.0
359,Sparkasse Herford,Nordrhein-Westfalen,12972289557.0,1270000.0,423333.3333333333,"4,4 Mrd. €",1089.0,3.0
361,Kreissparkasse Ostalb,Baden-Württemberg,13022030002.0,1058000.0,352666.6666666667,"4,7 Mrd. €",1068.0,3.0
362,Sparkasse Oberhessen,Hessen,12895025455.0,1106000.0,368666.6666666667,"4,4 Mrd. €",1042.0,3.0
363,Kreissparkasse Reutlingen,Baden-Württemberg,12437451261.0,988000.0,329333.3333333333,"4,7 Mrd. €",1017.0,3.0
364,Kreissparkasse Tübingen,Baden-Württemberg,12612693772.0,1043000.0,347666.6666666667,"4,8 Mrd. €",985.0,3.0
365,Kreissparkasse Göppingen,Baden-Württemberg,14270521701.0,1029000.0,343000.0,"5,1 Mrd. €",1176.0,3.0
366,Kasseler Sparkasse,Hessen,14430817296.0,1240000.0,310000.0,"5,2 Mrd. €",1170.0,4.0
367,Sparkasse Rhein Neckar Nord,Baden-Württemberg,12073845396.0,1649000.0,471142.85714285716,"4,6 Mrd. €",941.0,3.5
368,Sparkasse Südholstein,Schleswig-Holstein,14732214494.0,903000.0,387553.64806866954,5 Mrd. €,1052.0,2.33
369,Stadtsparkasse Augsburg,Bayern,15659339028.0,1248000.0,416000.0,"5,4 Mrd. €",1343.0,3.0
370,Sparkasse Ulm,Baden-Württemberg,16145199062.0,1098000.0,366000.0,"5,6 Mrd. €",1264.0,3.0
373,Sparkasse Duisburg,Nordrhein-Westfalen,15249140971.0,2047000.0,409400.0,"5,4 Mrd. €",1430.0,5.0
374,Sparkasse Bielefeld,Nordrhein-Westfalen,16429114882.0,1337000.0,445666.6666666667,"5,8 Mrd. €",1430.0,3.0
375,Sparkasse Osnabrück,Niedersachsen,16704925008.0,1006000.0,335333.3333333333,"5,8 Mrd. €",1295.0,3.0
376,Sparkasse Vest Recklinghausen,Nordrhein-Westfalen,16055950030.0,1597000.0,342703.86266094417,"5,7 Mrd. €",1356.0,4.66
377,Sparkasse Bochum,Nordrhein-Westfalen,16986081829.03,1513000.0,504333.3333333333,"5,9 Mrd. €",1219.0,3.0
379,Sparkasse Vorderpfalz,Rheinland-Pfalz,15824203628.0,2378000.0,396333.3333333333,"5,7 Mrd. €",1112.0,6.0
380,Sparkasse Neuss,Nordrhein-Westfalen,17722486205.0,1515800.0,378950.0,"6,3 Mrd. €",1301.0,4.0
382,Förde Sparkasse,Schleswig-Holstein,17359906425.0,1816000.0,454000.0,"6,5 Mrd. €",1417.0,4.0
383,Sparkasse Westmünsterland,Nordrhein-Westfalen,17797937923.0,1787800.0,446950.0,"6,4 Mrd. €",1463.0,4.0
384,Sparkasse Saarbrücken,Saarland,17576742084.0,1198000.0,299500.0,"6,8 Mrd. €",1283.0,4.0
385,Sparkasse Paderborn-Detmold,Nordrhein-Westfalen,18131573051.0,1765000.0,441250.0,"6,5 Mrd. €",1546.0,4.0
387,Stadtsparkasse Wuppertal,Nordrhein-Westfalen,19660949323.0,1557000.0,778500.0,"6,9 Mrd. €",1384.0,2.0
388,Sparkasse Karlsruhe Ettlingen,Baden-Württemberg,20860387954.0,1491000.0,372750.0,"7,2 Mrd. €",1614.0,4.0
390,Sparkasse Mainfranken Würzburg,Bayern,21809455971.0,1505000.0,376250.0,"7,2 Mrd. €",1803.0,4.0
393,Sparkasse Essen,Nordrhein-Westfalen,21855912258.0,2086900.0,521725.0,8 Mrd. €,1627.0,4.0
394,Stadtsparkasse Dortmund,Nordrhein-Westfalen,23321649049.0,1988000.0,497000.0,"8,3 Mrd. €",1823.0,4.0
395,Sparkasse Krefeld,Nordrhein-Westfalen,22819932330.92,1349040.05,449680.01666666666,"8,2 Mrd. €",1819.0,3.0
397,Landessparkasse zu Oldenburg,Niedersachsen,23625400000.0,1647000.0,411750.0,"8,4 Mrd. €",1677.0,4.0
398,Sparkasse Münsterland Ost,Nordrhein-Westfalen,24040400000.0,2224000.0,556000.0,"8,8 Mrd. €",1437.0,4.0
399,Stadt- und Kreissparkasse Leipzig,Sachsen,23401568413.98,1627000.0,542333.3333333334,"8,8 Mrd. €",1663.0,3.0
400,Kreissparkasse Ludwigsburg,Baden-Württemberg,26445414401.1,1607000.0,535666.6666666666,"9,8 Mrd. €",1802.0,3.0
401,Kreissparkasse München Starnberg Ebersberg,Bayern,28139300000.0,1938000.0,484500.0,"10,2 Mrd. €",1801.0,4.0
402,Sparkasse Aachen,Nordrhein-Westfalen,31178573000.2,2724000.0,544800.0,10 Mrd. €,2071.0,5.0
403,Sparkasse Nürnberg,Bayern,30578534734.7,1700000.0,425000.0,"10,3 Mrd. €",2211.0,4.0
404,Mittelbrandenburgische Sparkasse in Potsdam,Brandenburg,28961519726.98,1560000.0,390000.0,11 Mrd. €,1683.0,4.0
406,Nassauische Sparkasse,Hessen,33370751680.9,1847000.0,461750.0,"10,8 Mrd. €",1901.0,4.0
407,Die Sparkasse Bremen AG,Bremen,30945752386.24,2400000.0,600000.0,11 Mrd. €,1537.0,4.0
408,Stadtsparkasse Düsseldorf,Nordrhein-Westfalen,32064385362.73,1909231.95,477307.9875,"11,5 Mrd. €",2268.0,4.0
409,Ostsächsische Sparkasse Dresden,Sachsen,32078108515.0,1606000.0,535333.3333333334,"11,9 Mrd. €",1799.0,3.0
410,Sparkasse Hannover,Niedersachsen,40034857866.0,2246000.0,623888.8888888889,"13,6 Mrd. €",2255.0,3.6
411,Stadtsparkasse München,Bayern,46918148000.0,2451000.0,490200.0,"16,4 Mrd. €",2.742,5.0
413,Kreissparkasse Köln,Nordrhein-Westfalen,65876078123.0,3521400.0,704280.0,"23,1 Mrd. €",4512.0,5.0
414,Sparkasse KölnBonn,Nordrhein-Westfalen,75432760592.5,2563800.0,512760.0,"27,4 Mrd. €",4536.0,5.0
