sparkasse,state,bemessung_2014,gesamtbezuege_2014,durchschnitt_val,durchschnittsgehalt_2014,bilanzsumme_2014,mitarbeiter_2014,mitarbeiter_val,anzahl_vorstaende_2014
Sparkasse Battenberg,Hessen,0.055684695,239 T. €,119.5,"119,5 T. €","186,6 Mio. €",65,65.0,2
Stadtsparkasse Grebenstein,Hessen,0.050684293,254 T. €,87.58620689655173,"87,6 T. €","188,2 Mio. €",62,62.0,"2,9"
Stadtsparkasse Borken,Hessen,0.04345378,278 T. €,139.0,139 T. €,"150,7 Mio. €",48,48.0,2
Sparkasse Laubach-Hungen,Hessen,0.0670256386,291 T. €,145.5,"145,5 T. €","237,8 Mio. €",81,81.0,2
Stadtsparkasse Schwalmstadt,Hessen,0.053798237,291 T. €,145.5,"145,5 T. €","193,6 Mio. €",48,48.0,2
Sparkasse Hohenwestedt,Schleswig-Holstein,0.065397131,305 T. €,152.5,"152,5 T. €","239,5 Mio. €",47,47.0,2
Stadtsparkasse Haltern am See,Nordrhein-Westfalen,0.0785124389,315 T. €,157.5,"157,5 T. €","295,9 Mio. €",109,109.0,2
Kreissparkasse Hildburghausen,Thüringen,0.1356695232,319 T. €,159.5,"159,5 T. €","524,7 Mio. €",134,134.0,2
Sparkasse Geseke,Nordrhein-Westfalen,0.0736237869,329 T. €,164.5,"164,5 T. €",269 Mio. €,80,80.0,2
Sparkasse Unstrut-Hainich,Thüringen,0.298899184,343 T. €,171.5,"171,5 T. €","1,1 Mrd. €",290,290.0,2
Sparkasse Schönau-Todtnau,Baden-Württemberg,0.0871487569,345 T. €,172.5,"172,5 T. €","328,8 Mio. €",80,80.0,2
Sparkasse St. Blasien,Baden-Württemberg,0.0970374468,349 T. €,174.5,"174,5 T. €","362,2 Mio. €",83,83.0,2
Stadtsparkasse Schmallenberg,Nordrhein-Westfalen,0.10110164,353 T. €,176.5,"176,5 T. €","376,3 Mio. €",88,88.0,2
Stadtsparkasse Blomberg/Lippe,Nordrhein-Westfalen,0.07559,360 T. €,180.0,180 T. €,290 Mio. €,75,75.0,2
Stadtsparkasse Felsberg,Hessen,0.0424412175,361 T. €,120.33333333333333,"120,3 T. €","156,1 Mio. €",42,42.0,3
Stadtsparkasse Völklingen,Saarland,0.0973042019,"366,3 T. €",183.129,"183,1 T. €","367,7 Mio. €",90,90.0,2
Sparkasse Sonneberg,Thüringen,0.17445543,368 T. €,184.0,184 T. €,"614,6 Mio. €",216,216.0,2
Kreissparkasse St. Wendel,Saarland,0.318162947,"370,9 T. €",185.4495,"185,4 T. €","1,1 Mrd. €",311,311.0,2
Sparkasse Hennstedt-Wesselburen,Schleswig-Holstein,0.164959873,380 T. €,126.66666666666667,"126,7 T. €","671,5 Mio. €",173,173.0,3
Sparkasse Altenburger Land,Thüringen,0.2584887428,384 T. €,192.0,192 T. €,"981,7 Mio. €",239,239.0,2
Sparkasse Finnentrop,Nordrhein-Westfalen,0.076601953,396 T. €,198.0,198 T. €,"296,5 Mio. €",94,94.0,2
Stadtsparkasse Freudenberg,Nordrhein-Westfalen,0.0843755068,398 T. €,199.0,199 T. €,"285,3 Mio. €",91,91.0,2
Sparkasse Salem-Heiligenberg,Baden-Württemberg,0.219146389,399 T. €,199.5,"199,5 T. €","825,2 Mio. €",139,139.0,2
Stadtsparkasse Porta Westfalica,Nordrhein-Westfalen,0.1166310689,399 T. €,199.5,"199,5 T. €","449,3 Mio. €",108,108.0,2
Stadtsparkasse Versmold,Nordrhein-Westfalen,0.0834645362,400 T. €,200.0,200 T. €,"301,6 Mio. €",79,79.0,2
Kreissparkasse Gelnhausen,Hessen,0.318724873,401 T. €,190.95238095238093,191 T. €,"1,1 Mrd. €",320,320.0,"2,1"
Sparkasse Ennepetal-Breckerfeld,Nordrhein-Westfalen,0.197475103,"404,2 T. €",202.1,"202,1 T. €","704,5 Mio. €",145,145.0,2
Sparkasse Stockach,Baden-Württemberg,0.145794314,406 T. €,203.0,203 T. €,587 Mio. €,113,113.0,2
Stadtsparkasse Hilchenbach,Nordrhein-Westfalen,0.0806856927,"411,5 T. €",205.75,"205,8 T. €","311,5 Mio. €",83,83.0,2
Sparkasse der Stadt Straelen,Nordrhein-Westfalen,0.0792001304,"411,7 T. €",205.829,"205,8 T. €","314,2 Mio. €",92,92.0,2
Sparkasse Grünberg,Hessen,0.0949588417,413 T. €,206.5,"206,5 T. €","317,2 Mio. €",88,88.0,2
Kreissparkasse Eichsfeld,Thüringen,0.3256310599,414 T. €,207.0,207 T. €,"1,2 Mrd. €",282,282.0,2
Sparkasse Arnstadt-Ilmenau,Thüringen,0.311902626,418 T. €,209.0,209 T. €,"1,1 Mrd. €",285,285.0,2
Sparkasse Erwitte-Anröchte,Nordrhein-Westfalen,0.0897904694,418 T. €,209.0,209 T. €,"331,6 Mio. €",113,113.0,2
Kreissparkasse Limburg,Hessen,0.391695995,422 T. €,211.0,211 T. €,"1,4 Mrd. €",417,417.0,2
Sparkasse Freyung-Grafenau,Bayern,0.1888051022,422 T. €,211.0,211 T. €,"702,7 Mio. €",225,225.0,2
Sparkasse Pfullendorf-Messkirch,Baden-Württemberg,0.186288189,424 T. €,212.0,212 T. €,"709,2 Mio. €",152,152.0,2
Sparkasse Bad Neustadt a.d. Saale,Bayern,0.33834206304000003,426 T. €,213.0,213 T. €,"1,2 Mrd. €",318,318.0,2
Sparkasse Rietberg,Nordrhein-Westfalen,0.1111925234,431 T. €,215.5,"215,5 T. €","407,2 Mio. €",110,110.0,2
Stadtsparkasse Herdecke,Nordrhein-Westfalen,0.1115362598,434 T. €,217.0,217 T. €,"390,7 Mio. €",100,100.0,2
Sparkasse Neunkirchen,Saarland,0.441237974,"434,2 T. €",217.089,"217,1 T. €","1,4 Mrd. €",401,401.0,2
Kreissparkasse Höchstadt/Aisch,Bayern,0.2256961004,436 T. €,218.0,218 T. €,"795,2 Mio. €",242,242.0,2
Stadtsparkasse Rahden,Nordrhein-Westfalen,0.1141658502,436 T. €,218.0,218 T. €,"439,1 Mio. €",92,92.0,2
Kreissparkasse Gotha,Thüringen,0.340869759,439 T. €,219.5,"219,5 T. €","1,2 Mrd. €",278,278.0,2
Kyffhäusersparkasse Artern-Sondershausen,Thüringen,0.232710142,443 T. €,221.5,"221,5 T. €",900 Mio. €,224,224.0,2
Kreissparkasse Weilburg,Hessen,0.26699787,445 T. €,222.5,"222,5 T. €","964,1 Mio. €",246,246.0,2
Vereinigte Sparkassen Gunzenhausen,Bayern,0.1993642064,448 T. €,224.0,224 T. €,"754,1 Mio. €",191,191.0,2
Kreissparkasse Schlüchtern,Hessen,0.137869321,449 T. €,224.5,"224,5 T. €",495 Mio. €,132,132.0,2
Stadtsparkasse Bad Honnef,Nordrhein-Westfalen,0.13285086,"449,8 T. €",224.9,"224,9 T. €","516,4 Mio. €",118,118.0,2
Kreissparkasse Saale-Orla,Thüringen,0.232345981,452 T. €,226.0,226 T. €,"871,1 Mio. €",261,261.0,2
Stadtsparkasse Delbrück,Nordrhein-Westfalen,0.0794589147,453 T. €,226.5,"226,5 T. €","296,1 Mio. €",89,89.0,2
Stadt- und Kreissparkasse Moosburg,Bayern,0.193138035,456 T. €,228.0,228 T. €,"606,1 Mio. €",192,192.0,2
Stadtsparkasse Dessau,Sachsen-Anhalt,0.19764889,458 T. €,229.0,229 T. €,"723,8 Mio. €",194,194.0,2
Sparkasse Oberpfalz Nord,Bayern,0.3722874486,462 T. €,231.0,231 T. €,"1,4 Mrd. €",419,419.0,2
Kreis- und Stadtsparkasse Wasserburg am Inn,Bayern,0.2992834452,462 T. €,231.0,231 T. €,"981,7 Mio. €",247,247.0,2
Sparkasse Elmshorn,Schleswig-Holstein,0.256451344,465 T. €,232.5,"232,5 T. €","861,2 Mio. €",203,203.0,2
Sparkasse Bühl,Baden-Württemberg,0.225456431,469 T. €,234.5,"234,5 T. €","811,8 Mio. €",181,181.0,2
Sparkasse Neuburg-Rain,Bayern,0.2679128282,472 T. €,236.0,236 T. €,"916,2 Mio. €",261,261.0,2
Kreissparkasse Stendal,Sachsen-Anhalt,0.310908589,474 T. €,237.0,237 T. €,"1,2 Mrd. €",309,309.0,2
Sparkasse Gronau,Nordrhein-Westfalen,0.1181400419,474 T. €,237.0,237 T. €,"452,4 Mio. €",122,122.0,2
Sparkasse Ostunterfranken,Bayern,0.3313982914,476 T. €,238.0,238 T. €,"1,2 Mrd. €",316,316.0,2
Sparkasse Wetzlar,Hessen,0.621772378,479 T. €,239.5,"239,5 T. €","2,1 Mrd. €",585,585.0,2
Sparkasse Burbach-Neunkirchen,Nordrhein-Westfalen,0.1372336392,480 T. €,240.0,240 T. €,"537,4 Mio. €",121,121.0,2
Kreissparkasse Garmisch-Partenkirchen,Bayern,0.2855364084,481 T. €,240.5,"240,5 T. €","1,1 Mrd. €",309,309.0,2
Rhön-Rennsteig-Sparkasse,Thüringen,0.495385706,482 T. €,241.0,241 T. €,"1,6 Mrd. €",472,472.0,2
Sparkasse Meschede,Nordrhein-Westfalen,0.159747226,491 T. €,245.5,"245,5 T. €","606,8 Mio. €",151,151.0,2
Stadt-Sparkasse Haan,Nordrhein-Westfalen,0.178359781,"491,1 T. €",245.5475,"245,5 T. €",673 Mio. €,131,131.0,2
Verbundsparkasse Emsdetten-Ochtrup,Nordrhein-Westfalen,0.232184853,"491,4 T. €",245.7,"245,7 T. €","792,8 Mio. €",214,214.0,2
Bordesholmer Sparkasse AG,Schleswig-Holstein,0.201244632,492 T. €,246.0,246 T. €,"713,1 Mio. €",155,155.0,2
Stadtsparkasse Lengerich,Nordrhein-Westfalen,0.1078483368,493 T. €,246.5,"246,5 T. €","414,3 Mio. €",108,108.0,2
Sparkasse Eichstätt,Bayern,0.2735556994,499 T. €,249.5,"249,5 T. €",1 Mrd. €,260,260.0,2
Stadtsparkasse Emmerich-Rees,Nordrhein-Westfalen,0.218463563,499 T. €,249.5,"249,5 T. €","795,9 Mio. €",209,209.0,2
Sparkasse Waldeck-Frankenberg,Hessen,0.5536279416,500 T. €,250.0,250 T. €,2 Mrd. €,517,517.0,2
Sparkasse Odenwaldkreis,Hessen,0.42780837,503 T. €,251.5,"251,5 T. €","1,5 Mrd. €",407,407.0,2
Kreissparkasse Nordhausen,Thüringen,0.294538454,505 T. €,252.5,"252,5 T. €","1,1 Mrd. €",252,252.0,2
Sparkasse Bad Kissingen,Bayern,0.3974799784,506 T. €,253.0,253 T. €,"1,4 Mrd. €",370,370.0,2
Sparkasse Dillenburg,Hessen,0.353921265,506 T. €,253.0,253 T. €,"1,2 Mrd. €",360,360.0,2
Sparkasse im Landkreis Cham,Bayern,0.4349825043,512 T. €,256.0,256 T. €,"1,5 Mrd. €",379,379.0,2
Stadtsparkasse Gladbeck,Nordrhein-Westfalen,0.208738142,512 T. €,256.0,256 T. €,"744,9 Mio. €",211,211.0,2
Sparkasse Bergkamen-Bönen,Nordrhein-Westfalen,0.156127353,533 T. €,266.5,"266,5 T. €","585,4 Mio. €",109,109.0,2
Sparkasse Radevormwald-Hückeswagen,Nordrhein-Westfalen,0.160710846,"533,9 T. €",266.95,"266,9 T. €","536,8 Mio. €",156,156.0,2
Sparkasse Freising,Bayern,0.3854066561,535 T. €,267.5,"267,5 T. €","1,3 Mrd. €",358,358.0,2
Stadtsparkasse Schwerte,Nordrhein-Westfalen,0.180393009,538 T. €,269.0,269 T. €,"661,2 Mio. €",171,171.0,2
Städtische Sparkasse zu Schwelm,Nordrhein-Westfalen,0.161466931,542 T. €,271.0,271 T. €,"590,2 Mio. €",145,145.0,2
Stadtsparkasse Sprockhövel,Nordrhein-Westfalen,0.126614792,543 T. €,271.5,"271,5 T. €",436 Mio. €,109,109.0,2
Verbandssparkasse Goch-Kevelaer-Weeze,Nordrhein-Westfalen,0.142855837,547 T. €,273.5,"273,5 T. €","570,3 Mio. €",111,111.0,2
Stadtsparkasse Wetter,Nordrhein-Westfalen,0.1447725901,547 T. €,273.5,"273,5 T. €","542,8 Mio. €",118,118.0,2
Sparkasse Kleve,Nordrhein-Westfalen,0.333791681,549 T. €,274.5,"274,5 T. €","1,3 Mrd. €",335,335.0,2
Stadtsparkasse Remscheid,Nordrhein-Westfalen,0.412966822,"552,9 T. €",276.45,"276,4 T. €","1,4 Mrd. €",382,382.0,2
Kreis- und Stadtsparkasse Kaufbeuren,Bayern,0.4149097096,553 T. €,276.5,"276,5 T. €","1,4 Mrd. €",336,336.0,2
Wartburg-Sparkasse,Thüringen,0.429813638,555 T. €,222.0,222 T. €,"1,6 Mrd. €",392,392.0,"2,5"
Stadtsparkasse Bocholt,Nordrhein-Westfalen,0.248314047,556 T. €,278.0,278 T. €,"1,1 Mrd. €",237,237.0,2
Sparkasse Staufen-Breisach,Baden-Württemberg,0.343349058,558 T. €,279.0,279 T. €,"1,2 Mrd. €",304,304.0,2
Sparkasse Olpe-Drolshagen-Wenden,Nordrhein-Westfalen,0.219612682,559 T. €,279.5,"279,5 T. €",862 Mio. €,200,200.0,2
Sparkasse Wittgenstein,Nordrhein-Westfalen,0.231034294,560 T. €,280.0,280 T. €,"838,8 Mio. €",243,243.0,2
Sparkasse der Homburgischen Gemeinden,Nordrhein-Westfalen,0.199769086,"560,3 T. €",280.15,"280,1 T. €","757,6 Mio. €",172,172.0,2
Sparkasse Hattingen,Nordrhein-Westfalen,0.251695171,568 T. €,284.0,284 T. €,"906,1 Mio. €",212,212.0,2
Sparkasse Attendorn-Lennestadt-Kirchhundem,Nordrhein-Westfalen,0.292248153,"568,2 T. €",284.1,"284,1 T. €","1,1 Mrd. €",240,240.0,2
Stadtsparkasse Bad Oeynhausen,Nordrhein-Westfalen,0.196835842,571 T. €,285.5,"285,5 T. €",739 Mio. €,208,208.0,2
Sparkasse Forchheim,Bayern,0.4490416446,572 T. €,286.0,286 T. €,"1,6 Mrd. €",414,414.0,2
Kreis- und Stadtsparkasse Dillingen,Bayern,0.3517496441,572 T. €,286.0,286 T. €,"1,2 Mrd. €",381,381.0,2
Sparkasse Gütersloh,Nordrhein-Westfalen,0.52300949,574 T. €,382.6666666666667,"382,7 T. €","1,9 Mrd. €",397,397.0,"1,5"
Stadtsparkasse Wermelskirchen,Nordrhein-Westfalen,0.170510622,"574,6 T. €",287.3,"287,3 T. €","640,6 Mio. €",147,147.0,2
Stadtsparkasse Werne,Nordrhein-Westfalen,0.154527775,576 T. €,288.0,288 T. €,"595,9 Mio. €",131,131.0,2
Sparkasse Merzig-Wadern,Saarland,0.467814554,577 T. €,288.5,"288,5 T. €","1,6 Mrd. €",436,436.0,2
Kreissparkasse Kelheim,Bayern,0.4958393533,579 T. €,289.5,"289,5 T. €","1,8 Mrd. €",528,528.0,2
Sparkasse Werl,Nordrhein-Westfalen,0.200861663,579 T. €,289.5,"289,5 T. €",742 Mio. €,167,167.0,2
Sparkasse Donnersberg,Rheinland-Pfalz,0.342020855,588 T. €,294.0,294 T. €,"1,4 Mrd. €",271,271.0,2
Sparkasse Günzburg-Krumbach,Bayern,0.5011799742,593 T. €,296.5,"296,5 T. €","1,8 Mrd. €",426,426.0,2
Sparkasse Kierspe-Meinerzhagen,Nordrhein-Westfalen,0.187552717,597 T. €,298.5,"298,5 T. €","672,6 Mio. €",146,146.0,2
Sparkasse Mansfeld-Südharz,Sachsen-Anhalt,0.398473934,599 T. €,299.5,"299,5 T. €","1,4 Mrd. €",317,317.0,2
Sparkasse Werra-Meißner,Hessen,0.490561366,600 T. €,300.0,300 T. €,"1,7 Mrd. €",404,404.0,2
Sparkasse Bensheim,Hessen,0.5140658185,601 T. €,300.5,"300,5 T. €","1,8 Mrd. €",424,424.0,2
Kreissparkasse Schongau,Bayern,0.2105262187,603 T. €,206.5068493150685,"206,5 T. €","763,8 Mio. €",213,213.0,"2,92"
Stadtsparkasse Gevelsberg,Nordrhein-Westfalen,0.243959408,"603,3 T. €",301.65,"301,6 T. €","910,7 Mio. €",148,148.0,2
Sparkasse Starkenburg,Hessen,0.6014875461,606 T. €,303.0,303 T. €,"1,9 Mrd. €",414,414.0,2
Verbands-Sparkasse Wesel,Nordrhein-Westfalen,0.4373443609,606 T. €,303.0,303 T. €,"1,7 Mrd. €",403,403.0,2
Sparkasse Hochsauerland,Nordrhein-Westfalen,0.29988991,606 T. €,303.0,303 T. €,"1,2 Mrd. €",305,305.0,2
Kreissparkasse Saarpfalz,Saarland,0.481667239,610 T. €,305.0,305 T. €,"1,7 Mrd. €",451,451.0,2
Kreissparkasse Saalfeld-Rudolstadt,Thüringen,0.313696109,612 T. €,204.0,204 T. €,"1,2 Mrd. €",302,302.0,3
Sparkasse Märkisches Sauerland Hemer-Menden,Nordrhein-Westfalen,0.3207261098,613 T. €,306.5,"306,5 T. €","1,2 Mrd. €",274,274.0,2
Sparkasse Bad Hersfeld-Rotenburg,Hessen,0.5540114151,615 T. €,307.5,"307,5 T. €","1,8 Mrd. €",484,484.0,2
Städtische Sparkasse Offenbach am Main,Hessen,0.365301,616 T. €,308.0,308 T. €,"1,4 Mrd. €",302,302.0,2
Sparkasse Arnsberg-Sundern,Nordrhein-Westfalen,0.33176417,616 T. €,308.0,308 T. €,"1,1 Mrd. €",286,286.0,2
Kreissparkasse Heidenheim,Baden-Württemberg,0.4903130782,617 T. €,308.5,"308,5 T. €","1,9 Mrd. €",386,386.0,2
Herner Sparkasse,Nordrhein-Westfalen,0.4446124393,621 T. €,310.5,"310,5 T. €","1,6 Mrd. €",418,418.0,2
Sparkasse Dinslaken-Voerde-Hünxe,Nordrhein-Westfalen,0.4101679549,"623,8 T. €",311.9,"311,9 T. €","1,5 Mrd. €",429,429.0,2
Vereinigte Sparkasse im Märkischen Kreis,Nordrhein-Westfalen,0.423433677,624 T. €,312.0,312 T. €,"1,6 Mrd. €",355,355.0,2
Sparkasse Beckum-Wadersloh,Nordrhein-Westfalen,0.222210786,626 T. €,313.0,313 T. €,"781,1 Mio. €",192,192.0,2
Sparkasse Pfaffenhofen,Bayern,0.3344662206,630 T. €,252.0,252 T. €,"1,2 Mrd. €",327,327.0,"2,5"
Sparkasse Kulmbach-Kronach,Bayern,0.612039248,636 T. €,318.0,318 T. €,"2,3 Mrd. €",614,614.0,2
Sparkasse Gelsenkirchen,Nordrhein-Westfalen,0.9149445392,637 T. €,318.5,"318,5 T. €","3,1 Mrd. €",820,820.0,2
Sparkasse Höxter,Nordrhein-Westfalen,0.381144443,637 T. €,318.5,"318,5 T. €","1,4 Mrd. €",390,390.0,2
Sparkasse Bayreuth,Bayern,0.5663765362,645 T. €,322.5,"322,5 T. €","2,2 Mrd. €",569,569.0,2
Sparkasse Lünen,Nordrhein-Westfalen,0.359432618,646 T. €,323.0,323 T. €,"1,4 Mrd. €",318,318.0,2
Kreissparkasse Euskirchen,Nordrhein-Westfalen,0.4982557277,"658,8 T. €",329.4215,"329,4 T. €","1,8 Mrd. €",478,478.0,2
Stadtsparkasse Bottrop,Nordrhein-Westfalen,0.32944165,667 T. €,333.5,"333,5 T. €","1,2 Mrd. €",309,309.0,2
Sparkasse Lippstadt,Nordrhein-Westfalen,0.37206718,669 T. €,334.5,"334,5 T. €","1,4 Mrd. €",277,277.0,2
Sparkasse Gummersbach-Bergneustadt,Nordrhein-Westfalen,0.341178687,"669,5 T. €",334.75,"334,8 T. €","1,2 Mrd. €",281,281.0,2
Kreissparkasse Freudenstadt,Baden-Württemberg,0.4581339222,671 T. €,223.66666666666666,"223,7 T. €","1,7 Mrd. €",412,412.0,3
Stadt-Sparkasse Langenfeld,Nordrhein-Westfalen,0.370756588,"679,7 T. €",339.85,"339,9 T. €","1,3 Mrd. €",254,254.0,2
Sparkasse Witten,Nordrhein-Westfalen,0.522611799,681 T. €,340.5,"340,5 T. €",2 Mrd. €,463,463.0,2
Sparkasse Zollernalb,Baden-Württemberg,0.9016381607,682 T. €,341.0,341 T. €,"3,2 Mrd. €",804,804.0,2
Sparkasse Gießen,Hessen,0.5913571,686 T. €,274.4,"274,4 T. €","2,1 Mrd. €",628,628.0,"2,5"
Sparkasse Aichach-Schrobenhausen,Bayern,0.3723524117,686 T. €,228.66666666666666,"228,7 T. €","1,2 Mrd. €",377,377.0,3
Sparkasse Niederlausitz mit Sitz in Senftenberg,Brandenburg,0.445989213,689 T. €,344.5,"344,5 T. €","1,5 Mrd. €",335,335.0,2
Sparkasse Rotenburg-Bremervörde,Niedersachsen,0.5208118764,690 T. €,345.0,345 T. €,"1,8 Mrd. €",471,471.0,2
Kreissparkasse Halle,Nordrhein-Westfalen,0.356440065,690 T. €,345.0,345 T. €,"1,4 Mrd. €",245,245.0,2
Sparkasse Jena-Saale-Holzland,Thüringen,0.4695843545,694 T. €,231.33333333333334,"231,3 T. €","1,9 Mrd. €",479,479.0,3
Kreissparkasse Schwalm-Eder,Hessen,0.5148869898,699 T. €,349.5,"349,5 T. €",2 Mrd. €,445,445.0,2
Sparkasse im Landkreis Schwandorf,Bayern,0.5270469335,701 T. €,300.85836909871244,"300,9 T. €","1,9 Mrd. €",534,534.0,"2,33"
Sparkasse Dieburg,Hessen,0.736059601,"704,6 T. €",352.3,"352,3 T. €","2,2 Mrd. €",524,524.0,2
Sparkasse zu Lübeck AG,Schleswig-Holstein,0.700964196,707 T. €,353.5,"353,5 T. €","2,4 Mrd. €",493,493.0,2
Sparkasse Gera-Greiz,Thüringen,0.5195283085,740 T. €,246.66666666666666,"246,7 T. €","1,9 Mrd. €",494,494.0,3
Sparkasse Mülheim an der Ruhr,Nordrhein-Westfalen,0.7265559222,"744,7 T. €",248.21833333333333,"248,2 T. €","2,7 Mrd. €",534,534.0,3
Sparkasse Dachau,Bayern,0.7157140412,749 T. €,374.5,"374,5 T. €","2,6 Mrd. €",561,561.0,2
Sparkasse Hochrhein,Baden-Württemberg,0.7838573377,763 T. €,339.11111111111114,"339,1 T. €","2,7 Mrd. €",567,567.0,"2,25"
Sparkasse Berchtesgadener Land,Bayern,0.4306901371,764 T. €,254.66666666666666,"254,7 T. €","1,5 Mrd. €",394,394.0,3
Sparkasse im Landkreis Neustadt/Aisch - Bad Windsheim,Bayern,0.52921074163,777 T. €,259.0,259 T. €,"1,8 Mrd. €",457,457.0,3
Kreissparkasse Traunstein-Trostberg,Bayern,0.5059352992,779 T. €,259.66666666666663,"259,7 T. €",2 Mrd. €,469,469.0,3
Vereinigte Sparkassen im Landkreis Weilheim,Bayern,0.4630822982,779 T. €,259.66666666666663,"259,7 T. €","1,6 Mrd. €",409,409.0,3
Sparkasse Miltenberg-Obernburg,Bayern,0.5169550678,780 T. €,260.0,260 T. €,"1,8 Mrd. €",530,530.0,3
Stadt-Sparkasse Solingen,Nordrhein-Westfalen,0.620420552,781 T. €,390.5,"390,5 T. €","2,2 Mrd. €",630,630.0,2
Kreissparkasse Wiedenbrück,Nordrhein-Westfalen,0.5728771,784 T. €,392.0,392 T. €,"2,1 Mrd. €",366,366.0,2
OstseeSparkasse Rostock,Mecklenburg-Vorpommern,0.817627535,792 T. €,396.0,396 T. €,3 Mrd. €,741,741.0,2
Kreis- und Stadtsparkasse Erding - Dorfen,Bayern,0.5234468213,794 T. €,264.6666666666667,"264,7 T. €","1,9 Mrd. €",421,421.0,3
Sparkasse Baden-Baden Gaggenau,Baden-Württemberg,0.4865835309,795 T. €,265.0,265 T. €,"1,8 Mrd. €",390,390.0,3
Sparkasse Hildesheim,Niedersachsen,1.1856920945,805 T. €,268.3333333333333,"268,3 T. €","3,9 Mrd. €",1085,1085.0,3
Kreissparkasse Miesbach-Tegernsee,Bayern,0.5056710061,806 T. €,268.6666666666667,"268,7 T. €","1,7 Mrd. €",380,380.0,3
Sparkasse Zwickau,Sachsen,0.7505540274,812 T. €,406.0,406 T. €,"2,6 Mrd. €",514,514.0,2
Sparkasse Langen-Seligenstadt,Hessen,0.943730212,817 T. €,408.5,"408,5 T. €","3,2 Mrd. €",740,740.0,2
Vereinigte Spk. Eschenbach Neustadt Vohenstrauß,Bayern,0.4261203879,818 T. €,272.6666666666667,"272,7 T. €","1,3 Mrd. €",348,348.0,3
Sparkasse Fulda,Hessen,1.0106091351,828 T. €,276.0,276 T. €,"3,5 Mrd. €",837,837.0,3
Sparkasse Schweinfurt,Bayern,0.6983925426300001,833 T. €,277.6666666666667,"277,7 T. €","2,5 Mrd. €",596,596.0,3
Sparkasse Landsberg-Dießen,Bayern,0.5163655792,856 T. €,285.3333333333333,"285,3 T. €","1,7 Mrd. €",404,404.0,3
Sparkasse Märkisch-Oderland,Brandenburg,0.375004743,866 T. €,288.6666666666667,"288,7 T. €","1,5 Mrd. €",361,361.0,3
Sparkasse Soest,Nordrhein-Westfalen,0.410892773,870 T. €,290.0,290 T. €,"1,5 Mrd. €",303,303.0,3
Sparkasse Oberlausitz-Niederschlesien,Sachsen,0.7931401242,874 T. €,437.0,437 T. €,"2,9 Mrd. €",590,590.0,2
Sparkasse Neumarkt-Parsberg,Bayern,0.63536780234,876 T. €,292.0,292 T. €,2 Mrd. €,540,540.0,3
Sparkasse Neu-Ulm - Illertissen,Bayern,0.5516007959,876 T. €,292.0,292 T. €,"1,9 Mrd. €",525,525.0,3
Sparkasse Bad Tölz-Wolfratshausen,Bayern,0.5946267712,888 T. €,296.0,296 T. €,"2,1 Mrd. €",491,491.0,3
Sparkasse Südholstein,Schleswig-Holstein,1.4732214494,903 T. €,387.55364806866953,"387,6 T. €",5 Mrd. €,1052,1052.0,"2,33"
Sparkasse Minden-Lübbecke,Nordrhein-Westfalen,0.692419742,906 T. €,302.0,302 T. €,"2,3 Mrd. €",679,679.0,3
Kreissparkasse Saarlouis,Saarland,0.9835486722,915 T. €,305.0,305 T. €,"3,6 Mrd. €",769,769.0,3
Vereinigte Sparkassen Stadt- und Landkreis Ansbach,Bayern,0.82861757729,920 T. €,306.6666666666667,"306,7 T. €","2,9 Mrd. €",708,708.0,3
Sparkasse Schwäbisch Hall Crailsheim,Baden-Württemberg,0.8254863453,921 T. €,307.0,307 T. €,"3,1 Mrd. €",576,576.0,3
Sparkasse Göttingen,Niedersachsen,0.762504386,925 T. €,308.3333333333333,"308,3 T. €","2,7 Mrd. €",730,730.0,3
Sparkasse Meißen,Sachsen,0.6432656662,932 T. €,372.8,"372,8 T. €","2,5 Mrd. €",441,441.0,"2,5"
Sparkasse Vorpommern,Mecklenburg-Vorpommern,0.8704397805,935 T. €,311.6666666666667,"311,7 T. €","3,2 Mrd. €",770,770.0,3
Sparkasse Marburg-Biedenkopf,Hessen,0.9536108948,945 T. €,315.0,315 T. €,"3,2 Mrd. €",916,916.0,3
Sparkasse Coburg-Lichtenfels,Bayern,0.6628985131,950 T. €,316.6666666666667,"316,7 T. €","2,4 Mrd. €",657,657.0,3
Taunus Sparkasse,Hessen,1.28345,957 T. €,395.4545454545455,"395,5 T. €","4,4 Mrd. €",851,851.0,"2,42"
Sparkasse Aschaffenburg-Alzenau,Bayern,1.0828795997,962 T. €,320.6666666666667,"320,7 T. €","3,9 Mrd. €",941,941.0,3
Stadtsparkasse Oberhausen,Nordrhein-Westfalen,0.6465968008,964 T. €,241.00475,241 T. €,"2,4 Mrd. €",589,589.0,4
Sparkasse der Stadt Iserlohn,Nordrhein-Westfalen,0.431787038,967 T. €,322.3333333333333,"322,3 T. €","1,5 Mrd. €",373,373.0,3
Sparkasse Hamm,Nordrhein-Westfalen,0.447025237,970 T. €,323.3333333333333,"323,3 T. €","1,7 Mrd. €",376,376.0,3
Sparkasse Regensburg,Bayern,1.1774737792,973 T. €,324.3333333333333,"324,3 T. €",4 Mrd. €,856,856.0,3
Sparkasse Kraichgau,Baden-Württemberg,1.0433429887,973 T. €,324.3333333333333,"324,3 T. €","3,9 Mrd. €",768,768.0,3
Sparkasse Amberg-Sulzbach,Bayern,0.53472634829,978 T. €,326.0,326 T. €,2 Mrd. €,527,527.0,3
Sparkasse Markgräflerland,Baden-Württemberg,0.614480143,980 T. €,326.6666666666667,"326,7 T. €","2,3 Mrd. €",412,412.0,3
Sparkasse Lüdenscheid,Nordrhein-Westfalen,0.5310591325,"980,4 T. €",326.8,"326,8 T. €","1,8 Mrd. €",425,425.0,3
Sparkasse Bamberg,Bayern,0.9256449138,986 T. €,358.5454545454545,"358,5 T. €","3,5 Mrd. €",969,969.0,"2,75"
Kreissparkasse Reutlingen,Baden-Württemberg,1.2437451261,988 T. €,329.3333333333333,"329,3 T. €","4,7 Mrd. €",1017,1017.0,3
Sparkasse Passau,Bayern,0.7569454253,989 T. €,329.6666666666667,"329,7 T. €","2,6 Mrd. €",779,779.0,3
Sparkasse Emsland,Niedersachsen,0.9224059551,990 T. €,330.0,330 T. €,"3,1 Mrd. €",889,889.0,3
Sparkasse Allgäu,Bayern,1.1836326934,994 T. €,331.3333333333333,"331,3 T. €","4,2 Mrd. €",1079,1079.0,3
Sparkasse Altötting-Mühldorf,Bayern,0.6815541913,995 T. €,331.6666666666667,"331,7 T. €","2,4 Mrd. €",617,617.0,3
Sparkasse Memmingen-Lindau-Mindelheim,Bayern,1.0634690214,1 Mio. €,333.6666666666667,"333,7 T. €","3,7 Mrd. €",837,837.0,3
Kreissparkasse Düsseldorf,Nordrhein-Westfalen,0.7505889963,1 Mio. €,338.5416666666667,"338,5 T. €","2,6 Mrd. €",679,679.0,3
Stadt- und Kreissparkasse Erlangen,Bayern,1.193458632,1 Mio. €,374.9077490774908,"374,9 T. €","4,2 Mrd. €",918,918.0,"2,71"
Sparkasse am Niederrhein,Nordrhein-Westfalen,0.8385817628,1 Mio. €,338.7333333333333,"338,7 T. €","3,1 Mrd. €",757,757.0,3
Sparkasse Offenburg/Ortenau,Baden-Württemberg,1.0996122614,1 Mio. €,341.3333333333333,"341,3 T. €",4 Mrd. €,870,870.0,3
Kreissparkasse Göppingen,Baden-Württemberg,1.4270521701,1 Mio. €,343.0,343 T. €,"5,1 Mrd. €",1176,1176.0,3
Kreissparkasse Tübingen,Baden-Württemberg,1.2612693772,1 Mio. €,347.6666666666667,"347,7 T. €","4,8 Mrd. €",985,985.0,3
Sparkasse Fürstenfeldbruck,Bayern,0.9941456375,1 Mio. €,349.0,349 T. €,"3,3 Mrd. €",812,812.0,3
Kreissparkasse Ostalb,Baden-Württemberg,1.3022030002,"1,1 Mio. €",352.6666666666667,"352,7 T. €","4,7 Mrd. €",1068,1068.0,3
Sparkasse Rosenheim-Bad Aibling,Bayern,1.2641738159,"1,1 Mio. €",398.49624060150376,"398,5 T. €","4,5 Mrd. €",974,974.0,"2,66"
Sparkasse Fürth,Bayern,0.8403634101,"1,1 Mio. €",354.3333333333333,"354,3 T. €",3 Mrd. €,775,775.0,3
Kreissparkasse Heinsberg,Nordrhein-Westfalen,0.8668226112,"1,1 Mio. €",354.5,"354,5 T. €",3 Mrd. €,702,702.0,3
Sparkasse Hanau,Hessen,1.2378997089,"1,1 Mio. €",355.6666666666667,"355,7 T. €","4,3 Mrd. €",689,689.0,3
Sparkasse Landshut,Bayern,0.9522736939,"1,1 Mio. €",360.3333333333333,"360,3 T. €","3,5 Mrd. €",863,863.0,3
Sparkasse Oder-Spree,Brandenburg,0.7448915,"1,1 Mio. €",372.60273972602744,"372,6 T. €","2,5 Mrd. €",524,524.0,"2,92"
Sparkasse Düren,Nordrhein-Westfalen,0.9541624384,"1,1 Mio. €",364.3333333333333,"364,3 T. €","3,4 Mrd. €",813,813.0,3
Sparkasse Mittelfranken-Süd,Bayern,0.9208546425,"1,1 Mio. €",364.6666666666667,"364,7 T. €","3,5 Mrd. €",923,923.0,3
Kreissparkasse Augsburg,Bayern,0.8779722134,"1,1 Mio. €",364.6666666666667,"364,7 T. €","3,2 Mrd. €",688,688.0,3
Sparkasse Hagen,Nordrhein-Westfalen,0.7041618107,"1,1 Mio. €",364.6666666666667,"364,7 T. €","2,5 Mrd. €",538,538.0,3
Sparkasse Ulm,Baden-Württemberg,1.6145199062,"1,1 Mio. €",366.0,366 T. €,"5,6 Mrd. €",1264,1264.0,3
Sparkasse Mittelthüringen,Thüringen,1.11390394,"1,1 Mio. €",366.3333333333333,"366,3 T. €","3,9 Mrd. €",893,893.0,3
Sparkasse Oberhessen,Hessen,1.2895025455,"1,1 Mio. €",368.6666666666667,"368,7 T. €","4,4 Mrd. €",1042,1042.0,3
Sparkasse Niederbayern-Mitte,Bayern,1.0207118769,"1,1 Mio. €",368.6666666666667,"368,7 T. €","3,8 Mrd. €",827,827.0,3
Sparkasse Bodensee,Baden-Württemberg,1.1566752083,"1,1 Mio. €",372.6666666666667,"372,7 T. €","4,1 Mrd. €",901,901.0,3
Sparkasse Ingolstadt,Bayern,1.1637384427,"1,1 Mio. €",375.6666666666667,"375,7 T. €","3,8 Mrd. €",787,787.0,3
Sparkasse Westholstein,Schleswig-Holstein,0.9099278694,"1,1 Mio. €",378.0,378 T. €,"3,3 Mrd. €",708,708.0,3
Sparkasse Hochfranken,Bayern,1.0054431434,"1,1 Mio. €",381.3333333333333,"381,3 T. €","3,5 Mrd. €",940,940.0,3
Kreissparkasse Groß-Gerau,Hessen,0.7732305998,"1,2 Mio. €",385.0,385 T. €,"2,7 Mrd. €",686,686.0,3
Sparkasse Vogtland,Sachsen,0.8440424112,"1,2 Mio. €",392.0,392 T. €,3 Mrd. €,598,598.0,3
Sparkasse Saarbrücken,Saarland,1.7576742084,"1,2 Mio. €",299.5,"299,5 T. €","6,8 Mrd. €",1283,1283.0,4
Sparkasse Lemgo,Nordrhein-Westfalen,0.772104865,"1,2 Mio. €",403.6666666666667,"403,7 T. €","2,8 Mrd. €",630,630.0,3
Kreis- und Stadtsparkasse Unna-Kamen,Nordrhein-Westfalen,0.6194226,"1,2 Mio. €",308.5,"308,5 T. €","2,2 Mrd. €",433,433.0,4
Kasseler Sparkasse,Hessen,1.4430817296,"1,2 Mio. €",310.0,310 T. €,"5,2 Mrd. €",1170,1170.0,4
Stadtsparkasse Augsburg,Bayern,1.5659339028,"1,2 Mio. €",416.0,416 T. €,"5,4 Mrd. €",1343,1343.0,3
Sparkasse Worms-Alzey-Ried,Rheinland-Pfalz,0.7816195838,"1,3 Mio. €",418.6666666666667,"418,7 T. €","2,9 Mrd. €",613,613.0,3
Stadt- und Kreissparkasse Darmstadt,Hessen,1.2553698216,"1,3 Mio. €",422.3333333333333,"422,3 T. €","4,1 Mrd. €",856,856.0,3
Sparkasse Siegen,Nordrhein-Westfalen,0.8882343577,"1,3 Mio. €",422.3333333333333,"422,3 T. €","3,1 Mrd. €",796,796.0,3
Sparkasse Hilden Ratingen Velbert,Nordrhein-Westfalen,0.9136011831,"1,3 Mio. €",422.7,"422,7 T. €","3,3 Mrd. €",789,789.0,3
Sparkasse Herford,Nordrhein-Westfalen,1.2972289557,"1,3 Mio. €",423.3333333333333,"423,3 T. €","4,4 Mrd. €",1089,1089.0,3
Sparkasse Leverkusen,Nordrhein-Westfalen,0.8448484042,"1,3 Mio. €",428.7666666666667,"428,8 T. €","3,1 Mrd. €",619,619.0,3
Kreissparkasse Steinfurt,Nordrhein-Westfalen,0.9399790296,"1,3 Mio. €",334.0,334 T. €,"3,4 Mrd. €",910,910.0,4
Sparkasse Bielefeld,Nordrhein-Westfalen,1.6429114882,"1,3 Mio. €",445.6666666666667,"445,7 T. €","5,8 Mrd. €",1430,1430.0,3
Weser-Elbe Sparkasse,Niedersachsen,1.1635728,"1,3 Mio. €",446.3333333333333,"446,3 T. €",4 Mrd. €,976,976.0,3
Erzgebirgssparkasse,Sachsen,1.107913448,"1,3 Mio. €",449.6666666666667,"449,7 T. €","4,2 Mrd. €",1091,1091.0,3
Sparkasse Krefeld,Nordrhein-Westfalen,2.281993233092,"1,3 Mio. €",449.68,"449,7 T. €","8,2 Mrd. €",1819,1819.0,3
Sparkasse Karlsruhe Ettlingen,Baden-Württemberg,2.0860387954,"1,5 Mio. €",372.75,"372,8 T. €","7,2 Mrd. €",1614,1614.0,4
Sparkasse Mainfranken Würzburg,Bayern,2.1809455971,"1,5 Mio. €",376.25,"376,2 T. €","7,2 Mrd. €",1803,1803.0,4
Sparkasse Bochum,Nordrhein-Westfalen,1.698608182903,"1,5 Mio. €",504.3333333333333,"504,3 T. €","5,9 Mrd. €",1219,1219.0,3
Sparkasse Neuss,Nordrhein-Westfalen,1.7722486205,"1,5 Mio. €",378.95,"378,9 T. €","6,3 Mrd. €",1301,1301.0,4
Kreissparkasse Mittelsachsen,Sachsen,0.8109155967,"1,5 Mio. €",384.5,"384,5 T. €",3 Mrd. €,631,631.0,4
Stadtsparkasse Wuppertal,Nordrhein-Westfalen,1.9660949323,"1,6 Mio. €",519.0,519 T. €,"6,9 Mrd. €",1384,1384.0,3
Mittelbrandenburgische Sparkasse in Potsdam,Brandenburg,2.896151972698,"1,6 Mio. €",390.0,390 T. €,11 Mrd. €,1683,1683.0,4
Sparkasse Vest Recklinghausen,Nordrhein-Westfalen,1.605595003,"1,6 Mio. €",436.3387978142076,"436,3 T. €","5,7 Mrd. €",1356,1356.0,"3,66"
Ostsächsische Sparkasse Dresden,Sachsen,3.2078108515,"1,6 Mio. €",535.3333333333334,"535,3 T. €","11,9 Mrd. €",1799,1799.0,3
Kreissparkasse Ludwigsburg,Baden-Württemberg,2.64454144011,"1,6 Mio. €",535.6666666666666,"535,7 T. €","9,8 Mrd. €",1802,1802.0,3
Stadt- und Kreissparkasse Leipzig,Sachsen,2.340156841398,"1,6 Mio. €",542.3333333333334,"542,3 T. €","8,8 Mrd. €",1663,1663.0,3
Landessparkasse zu Oldenburg,Niedersachsen,2.36254,"1,6 Mio. €",411.75,"411,8 T. €","8,4 Mrd. €",1677,1677.0,4
Sparkasse Rhein Neckar Nord,Baden-Württemberg,1.2073845396,"1,6 Mio. €",471.14285714285717,"471,1 T. €","4,6 Mrd. €",941,941.0,"3,5"
Sparkasse Nürnberg,Bayern,3.0578534734700002,"1,7 Mio. €",425.0,425 T. €,"10,3 Mrd. €",2211,2211.0,4
Sparkasse Paderborn-Detmold,Nordrhein-Westfalen,1.8131573051,"1,8 Mio. €",441.25,"441,2 T. €","6,5 Mrd. €",1546,1546.0,4
Sparkasse Westmünsterland,Nordrhein-Westfalen,1.7797937923,"1,8 Mio. €",446.95,"446,9 T. €","6,4 Mrd. €",1463,1463.0,4
Förde Sparkasse,Schleswig-Holstein,1.7359906425,"1,8 Mio. €",454.0,454 T. €,"6,5 Mrd. €",1417,1417.0,4
Nassauische Sparkasse,Hessen,3.33707516809,"1,8 Mio. €",461.75,"461,8 T. €","10,8 Mrd. €",1901,1901.0,4
Stadtsparkasse Düsseldorf,Nordrhein-Westfalen,3.206438536273,"1,9 Mio. €",487.04897959183677,487 T. €,"11,5 Mrd. €",2268,2268.0,"3,92"
Kreissparkasse München Starnberg Ebersberg,Bayern,2.81393,"1,9 Mio. €",484.5,"484,5 T. €","10,2 Mrd. €",1801,1801.0,4
Stadtsparkasse Mönchengladbach,Nordrhein-Westfalen,1.3080200174,2 Mio. €,390.8612,"390,9 T. €","4,6 Mrd. €",964,964.0,5
Stadtsparkasse Dortmund,Nordrhein-Westfalen,2.3321649049,2 Mio. €,497.0,497 T. €,"8,3 Mrd. €",1823,1823.0,4
Sparkasse Duisburg,Nordrhein-Westfalen,1.5249140971,2 Mio. €,409.4,"409,4 T. €","5,4 Mrd. €",1430,1430.0,5
Sparkasse Essen,Nordrhein-Westfalen,2.1855912258,"2,1 Mio. €",521.725,"521,7 T. €",8 Mrd. €,1627,1627.0,4
Sparkasse Münsterland Ost,Nordrhein-Westfalen,2.40404,"2,2 Mio. €",556.0,556 T. €,"8,8 Mrd. €",1437,1437.0,4
Sparkasse Hannover,Niedersachsen,4.0034857866,"2,2 Mio. €",613.6612021857924,"613,7 T. €","13,6 Mrd. €",2255,2255.0,"3,66"
Sparkasse Vorderpfalz,Rheinland-Pfalz,1.5824203628,"2,4 Mio. €",396.3333333333333,"396,3 T. €","5,7 Mrd. €",1112,1112.0,6
Die Sparkasse Bremen AG,Bremen,3.094575238624,"2,4 Mio. €",600.0,600 T. €,11 Mrd. €,1537,1537.0,4
Stadtsparkasse München,Bayern,4.6918148,"2,5 Mio. €",490.2,"490,2 T. €","16,4 Mrd. €",2742,2742.0,5
Frankfurter Sparkasse,Hessen,8.0,"2,5 Mio. €",613.0,613 T. €,"17,7 Mrd. €",1797,1797.0,4
Sparkasse KölnBonn,Nordrhein-Westfalen,7.54327605925,"2,6 Mio. €",512.76,"512,8 T. €","27,4 Mrd. €",4536,4536.0,5
Sparkasse Aachen,Nordrhein-Westfalen,3.1178573000200003,"2,7 Mio. €",544.8,"544,8 T. €",10 Mrd. €,2071,2071.0,5
Kreissparkasse Köln,Nordrhein-Westfalen,6.5876078123,"3,5 Mio. €",704.28,"704,3 T. €","23,1 Mrd. €",4512,4512.0,5
Berliner Sparkasse,Berlin,8.0,"3,9 Mio. €",651.8333333333334,"651,8 T. €","57,4 Mrd. €",4073,4073.0,6
Hamburger Sparkasse AG,Hamburg,8.0,"4,2 Mio. €",853.6585365853659,"853,7 T. €","41,9 Mrd. €",5358,5358.0,"4,92"
